row,col,temp
0.0,0.0,-9999.0
0.0,1.0,-9999.0
0.0,2.0,-9999.0
0.0,3.0,-9999.0
0.0,4.0,-9999.0
0.0,5.0,-9999.0
0.0,6.0,-9999.0
0.0,7.0,-9999.0
0.0,8.0,-9999.0
0.0,9.0,-9999.0
0.0,10.0,-9999.0
0.0,11.0,-9999.0
0.0,12.0,-9999.0
0.0,13.0,-9999.0
0.0,14.0,-9999.0
0.0,15.0,-9999.0
0.0,16.0,-9999.0
0.0,17.0,-9999.0
0.0,18.0,-9999.0
0.0,19.0,-9999.0
0.0,20.0,-9999.0
0.0,21.0,-9999.0
0.0,22.0,-9999.0
0.0,23.0,-9999.0
0.0,24.0,-9999.0
0.0,25.0,-9999.0
0.0,26.0,-9999.0
0.0,27.0,-9999.0
0.0,28.0,-9999.0
0.0,29.0,-9999.0
0.0,30.0,-9999.0
0.0,31.0,-9999.0
0.0,32.0,-9999.0
0.0,33.0,-9999.0
0.0,34.0,-9999.0
0.0,35.0,-9999.0
0.0,36.0,-9999.0
0.0,37.0,-9999.0
0.0,38.0,-9999.0
0.0,39.0,-9999.0
0.0,40.0,-14.792257
0.0,41.0,-12.955802
0.0,42.0,-9999.0
0.0,43.0,-9999.0
0.0,44.0,-9999.0
0.0,45.0,-9999.0
0.0,46.0,-9999.0
0.0,47.0,-9999.0
0.0,48.0,-9999.0
0.0,49.0,-9999.0
0.0,50.0,-9999.0
0.0,51.0,-9999.0
0.0,52.0,-9999.0
0.0,53.0,-9999.0
0.0,54.0,-9999.0
0.0,55.0,-9999.0
0.0,56.0,-9999.0
0.0,57.0,-9999.0
0.0,58.0,-9999.0
0.0,59.0,-9999.0
0.0,60.0,-9999.0
0.0,61.0,-9999.0
0.0,62.0,-9999.0
0.0,63.0,-9999.0
0.0,64.0,-16.050539
0.0,65.0,-9999.0
0.0,66.0,-9999.0
0.0,67.0,-9999.0
0.0,68.0,-9999.0
0.0,69.0,-9999.0
0.0,70.0,-9999.0
0.0,71.0,-9999.0
0.0,72.0,-9999.0
0.0,73.0,-9999.0
0.0,74.0,-9999.0
0.0,75.0,-9999.0
0.0,76.0,-9999.0
0.0,77.0,-9999.0
0.0,78.0,-9999.0
0.0,79.0,-9999.0
0.0,80.0,-9999.0
0.0,81.0,-9999.0
0.0,82.0,-9999.0
0.0,83.0,-9999.0
0.0,84.0,-9999.0
0.0,85.0,-9999.0
0.0,86.0,-9999.0
0.0,87.0,-9999.0
0.0,88.0,-9999.0
1.0,0.0,-9999.0
1.0,1.0,-9999.0
1.0,2.0,-9999.0
1.0,3.0,-9999.0
1.0,4.0,-9999.0
1.0,5.0,-9999.0
1.0,6.0,-9999.0
1.0,7.0,-9999.0
1.0,8.0,-9999.0
1.0,9.0,-9999.0
1.0,10.0,-9999.0
1.0,11.0,-9999.0
1.0,12.0,-9999.0
1.0,13.0,-9999.0
1.0,14.0,-9999.0
1.0,15.0,-9999.0
1.0,16.0,-9999.0
1.0,17.0,-9999.0
1.0,18.0,-9999.0
1.0,19.0,-8.4258263
1.0,20.0,-9.0927514
1.0,21.0,-10.100065
1.0,22.0,-10.641834
1.0,23.0,-9.0999818
1.0,24.0,-9.1111743
1.0,25.0,-9999.0
1.0,26.0,-9999.0
1.0,27.0,-9999.0
1.0,28.0,-9999.0
1.0,29.0,-9999.0
1.0,30.0,-9999.0
1.0,31.0,-9999.0
1.0,32.0,-9999.0
1.0,33.0,-9999.0
1.0,34.0,-9999.0
1.0,35.0,-9999.0
1.0,36.0,-9999.0
1.0,37.0,-9999.0
1.0,38.0,-10.420424
1.0,39.0,-11.135427
1.0,40.0,-11.616693
1.0,41.0,-11.522862
1.0,42.0,-11.253756
1.0,43.0,-12.236923
1.0,44.0,-9999.0
1.0,45.0,-9999.0
1.0,46.0,-9999.0
1.0,47.0,-9999.0
1.0,48.0,-9999.0
1.0,49.0,-9999.0
1.0,50.0,-9999.0
1.0,51.0,-9999.0
1.0,52.0,-9999.0
1.0,53.0,-9999.0
1.0,54.0,-9999.0
1.0,55.0,-9999.0
1.0,56.0,-9999.0
1.0,57.0,-9999.0
1.0,58.0,-9999.0
1.0,59.0,-9999.0
1.0,60.0,-13.788082
1.0,61.0,-12.911729
1.0,62.0,-13.331834
1.0,63.0,-13.519115
1.0,64.0,-13.939213
1.0,65.0,-13.962086
1.0,66.0,-14.807576
1.0,67.0,-14.198377
1.0,68.0,-13.397114
1.0,69.0,-9999.0
1.0,70.0,-9999.0
1.0,71.0,-9999.0
1.0,72.0,-9999.0
1.0,73.0,-9999.0
1.0,74.0,-9999.0
1.0,75.0,-9999.0
1.0,76.0,-9999.0
1.0,77.0,-9999.0
1.0,78.0,-9999.0
1.0,79.0,-9999.0
1.0,80.0,-9999.0
1.0,81.0,-9999.0
1.0,82.0,-9999.0
1.0,83.0,-9999.0
1.0,84.0,-9999.0
1.0,85.0,-9999.0
1.0,86.0,-9999.0
1.0,87.0,-9999.0
1.0,88.0,-9999.0
2.0,0.0,-9999.0
2.0,1.0,-2.5428038
2.0,2.0,-3.5269425
2.0,3.0,-3.8676701
2.0,4.0,-4.0151537
2.0,5.0,-4.6702467
2.0,6.0,-6.1241339
2.0,7.0,-7.2173343
2.0,8.0,-5.9658595
2.0,9.0,-5.5027898
2.0,10.0,-6.5832261
2.0,11.0,-6.8553728
2.0,12.0,-5.5112156
2.0,13.0,-5.6016831
2.0,14.0,-6.8587005
2.0,15.0,-4.2414846
2.0,16.0,-4.8196254
2.0,17.0,-6.4769152
2.0,18.0,-8.3459876
2.0,19.0,-7.6139586
2.0,20.0,-7.776439
2.0,21.0,-8.9620728
2.0,22.0,-9.6873304
2.0,23.0,-8.6404142
2.0,24.0,-8.7641967
2.0,25.0,-10.17678
2.0,26.0,-10.160225
2.0,27.0,-9.1913749
2.0,28.0,-9.5079951
2.0,29.0,-10.574246
2.0,30.0,-9.9760935
2.0,31.0,-9.475148
2.0,32.0,-10.039499
2.0,33.0,-10.698329
2.0,34.0,-10.290508
2.0,35.0,-10.980806
2.0,36.0,-11.198382
2.0,37.0,-10.410095
2.0,38.0,-10.192546
2.0,39.0,-10.473798
2.0,40.0,-11.066857
2.0,41.0,-10.926728
2.0,42.0,-10.781652
2.0,43.0,-11.66894
2.0,44.0,-13.014011
2.0,45.0,-11.753235
2.0,46.0,-11.074772
2.0,47.0,-11.822524
2.0,48.0,-12.280887
2.0,49.0,-11.241294
2.0,50.0,-11.243328
2.0,51.0,-11.361931
2.0,52.0,-11.166874
2.0,53.0,-10.983083
2.0,54.0,-11.788133
2.0,55.0,-13.353537
2.0,56.0,-12.583709
2.0,57.0,-12.318072
2.0,58.0,-13.668698
2.0,59.0,-14.943507
2.0,60.0,-13.387378
2.0,61.0,-12.804908
2.0,62.0,-13.105144
2.0,63.0,-13.219436
2.0,64.0,-13.145608
2.0,65.0,-13.443472
2.0,66.0,-14.244762
2.0,67.0,-13.852501
2.0,68.0,-13.293504
2.0,69.0,-13.845566
2.0,70.0,-9999.0
2.0,71.0,-9999.0
2.0,72.0,-9999.0
2.0,73.0,-9999.0
2.0,74.0,-9999.0
2.0,75.0,-9999.0
2.0,76.0,-9999.0
2.0,77.0,-9999.0
2.0,78.0,-9999.0
2.0,79.0,-9999.0
2.0,80.0,-9999.0
2.0,81.0,-9999.0
2.0,82.0,-9999.0
2.0,83.0,-9999.0
2.0,84.0,-9999.0
2.0,85.0,-9999.0
2.0,86.0,-9999.0
2.0,87.0,-9999.0
2.0,88.0,-9999.0
3.0,0.0,-9999.0
3.0,1.0,-9999.0
3.0,2.0,-9999.0
3.0,3.0,-3.6895046
3.0,4.0,-3.7861315
3.0,5.0,-3.8806842
3.0,6.0,-4.0671186
3.0,7.0,-4.2130646
3.0,8.0,-4.1424078
3.0,9.0,-4.2122275
3.0,10.0,-4.4310873
3.0,11.0,-4.409955
3.0,12.0,-4.101233
3.0,13.0,-4.016845
3.0,14.0,-4.2206026
3.0,15.0,-4.2406072
3.0,16.0,-4.466412
3.0,17.0,-5.0874868
3.0,18.0,-5.7236712
3.0,19.0,-6.0555807
3.0,20.0,-6.5309591
3.0,21.0,-7.2110752
3.0,22.0,-7.6173123
3.0,23.0,-7.6936719
3.0,24.0,-8.0402085
3.0,25.0,-8.6175656
3.0,26.0,-8.7922553
3.0,27.0,-8.6917977
3.0,28.0,-8.887374
3.0,29.0,-9.2009985
3.0,30.0,-9.1743532
3.0,31.0,-9.1183259
3.0,32.0,-9.3565936
3.0,33.0,-9.6460688
3.0,34.0,-10.015564
3.0,35.0,-11.649873
3.0,36.0,-12.890798
3.0,37.0,-10.511071
3.0,38.0,-9.883733
3.0,39.0,-9.8508268
3.0,40.0,-10.000855
3.0,41.0,-10.050333
3.0,42.0,-10.134544
3.0,43.0,-10.464566
3.0,44.0,-10.749275
3.0,45.0,-10.589495
3.0,46.0,-10.452374
3.0,47.0,-10.615994
3.0,48.0,-10.730748
3.0,49.0,-10.806977
3.0,50.0,-11.861441
3.0,51.0,-11.56899
3.0,52.0,-10.588487
3.0,53.0,-10.478019
3.0,54.0,-10.715232
3.0,55.0,-11.169408
3.0,56.0,-11.531104
3.0,57.0,-11.786625
3.0,58.0,-12.236778
3.0,59.0,-12.61903
3.0,60.0,-12.577524
3.0,61.0,-12.677307
3.0,62.0,-12.89161
3.0,63.0,-12.904951
3.0,64.0,-12.838247
3.0,65.0,-12.974741
3.0,66.0,-13.223397
3.0,67.0,-13.166903
3.0,68.0,-13.015469
3.0,69.0,-13.193337
3.0,70.0,-9999.0
3.0,71.0,-9999.0
3.0,72.0,-9999.0
3.0,73.0,-9999.0
3.0,74.0,-9999.0
3.0,75.0,-9999.0
3.0,76.0,-9999.0
3.0,77.0,-9999.0
3.0,78.0,-9999.0
3.0,79.0,-9999.0
3.0,80.0,-9999.0
3.0,81.0,-9999.0
3.0,82.0,-9999.0
3.0,83.0,-9999.0
3.0,84.0,-9999.0
3.0,85.0,-9999.0
3.0,86.0,-9999.0
3.0,87.0,-9999.0
3.0,88.0,-9999.0
4.0,0.0,-9999.0
4.0,1.0,-9999.0
4.0,2.0,-9999.0
4.0,3.0,-9999.0
4.0,4.0,-9999.0
4.0,5.0,-2.7924141
4.0,6.0,-1.701717
4.0,7.0,-0.9677315
4.0,8.0,-2.1052098
4.0,9.0,-2.8821723
4.0,10.0,-2.6569621
4.0,11.0,-2.5388569
4.0,12.0,-2.7065544
4.0,13.0,-2.2548611
4.0,14.0,-2.0429969
4.0,15.0,-2.6535844
4.0,16.0,-3.5612013
4.0,17.0,-4.0967373
4.0,18.0,-4.6824762
4.0,19.0,-4.9816866
4.0,20.0,-5.5867211
4.0,21.0,-6.3855874
4.0,22.0,-6.8419212
4.0,23.0,-7.0535432
4.0,24.0,-7.690228
4.0,25.0,-8.699696
4.0,26.0,-8.8482683
4.0,27.0,-8.4982537
4.0,28.0,-8.7731907
4.0,29.0,-9.3442606
4.0,30.0,-9.1393654
4.0,31.0,-8.9284416
4.0,32.0,-9.2009327
4.0,33.0,-9.5132385
4.0,34.0,-9.5857865
4.0,35.0,-10.121581
4.0,36.0,-10.290191
4.0,37.0,-9.7989997
4.0,38.0,-9.4909889
4.0,39.0,-9.3966086
4.0,40.0,-9.4239302
4.0,41.0,-9.4833958
4.0,42.0,-9.6302576
4.0,43.0,-9.895503
4.0,44.0,-10.105312
4.0,45.0,-10.02811
4.0,46.0,-9.9868535
4.0,47.0,-10.104142
4.0,48.0,-10.190694
4.0,49.0,-10.264363
4.0,50.0,-10.553733
4.0,51.0,-10.098087
4.0,52.0,-9.7534736
4.0,53.0,-9.9957616
4.0,54.0,-10.058119
4.0,55.0,-10.284649
4.0,56.0,-11.845667
4.0,57.0,-11.90947
4.0,58.0,-11.901759
4.0,59.0,-12.272223
4.0,60.0,-12.371783
4.0,61.0,-13.081713
4.0,62.0,-13.721193
4.0,63.0,-13.382776
4.0,64.0,-12.860247
4.0,65.0,-12.99618
4.0,66.0,-13.651898
4.0,67.0,-13.417096
4.0,68.0,-12.998136
4.0,69.0,-13.378009
4.0,70.0,-9999.0
4.0,71.0,-9999.0
4.0,72.0,-9999.0
4.0,73.0,-9999.0
4.0,74.0,-9999.0
4.0,75.0,-9999.0
4.0,76.0,-9999.0
4.0,77.0,-9999.0
4.0,78.0,-9999.0
4.0,79.0,-9999.0
4.0,80.0,-9999.0
4.0,81.0,-9999.0
4.0,82.0,-9999.0
4.0,83.0,-9999.0
4.0,84.0,-9999.0
4.0,85.0,-9999.0
4.0,86.0,-9999.0
4.0,87.0,-9999.0
4.0,88.0,-9999.0
5.0,0.0,-9999.0
5.0,1.0,-9999.0
5.0,2.0,-9999.0
5.0,3.0,-9999.0
5.0,4.0,-9999.0
5.0,5.0,-9999.0
5.0,6.0,-9999.0
5.0,7.0,1.5700628
5.0,8.0,-0.72147603
5.0,9.0,-2.118995
5.0,10.0,-1.5816338
5.0,11.0,-1.317268
5.0,12.0,-1.8712396
5.0,13.0,-0.5874001
5.0,14.0,-0.38801735
5.0,15.0,-1.2676346
5.0,16.0,-2.896832
5.0,17.0,-3.17491
5.0,18.0,-6.4052786
5.0,19.0,-4.3098493
5.0,20.0,-4.939312
5.0,21.0,-6.4161726
5.0,22.0,-7.2754381
5.0,23.0,-6.6872132
5.0,24.0,-7.5453151
5.0,25.0,-10.024673
5.0,26.0,-9.8922797
5.0,27.0,-8.4154691
5.0,28.0,-8.8922407
5.0,29.0,-10.702439
5.0,30.0,-9.5450189
5.0,31.0,-8.8059124
5.0,32.0,-9.3691517
5.0,33.0,-10.260821
5.0,34.0,-9.3455204
5.0,35.0,-9.2756916
5.0,36.0,-9.5393107
5.0,37.0,-9.5854967
5.0,38.0,-9.1805481
5.0,39.0,-9.127329
5.0,40.0,-9.364305
5.0,41.0,-9.2902485
5.0,42.0,-9.3269325
5.0,43.0,-9.7819987
5.0,44.0,-10.496074
5.0,45.0,-9.8936965
5.0,46.0,-9.716657
5.0,47.0,-10.072596
5.0,48.0,-10.322413
5.0,49.0,-9.8691456
5.0,50.0,-9.5896974
5.0,51.0,-8.5675364
5.0,52.0,-8.795678
5.0,53.0,-9.6810436
5.0,54.0,-9.8878973
5.0,55.0,-8.8784728
5.0,56.0,-11.067347
5.0,57.0,-11.589455
5.0,58.0,-12.057527
5.0,59.0,-13.121375
5.0,60.0,-12.322683
5.0,61.0,-13.580989
5.0,62.0,-14.982356
5.0,63.0,-14.254091
5.0,64.0,-12.864685
5.0,65.0,-13.147551
5.0,66.0,-15.265281
5.0,67.0,-14.175783
5.0,68.0,-12.988839
5.0,69.0,-13.890314
5.0,70.0,-9999.0
5.0,71.0,-9999.0
5.0,72.0,-9999.0
5.0,73.0,-9999.0
5.0,74.0,-9999.0
5.0,75.0,-9999.0
5.0,76.0,-9999.0
5.0,77.0,-9999.0
5.0,78.0,-9999.0
5.0,79.0,-9999.0
5.0,80.0,-9999.0
5.0,81.0,-9999.0
5.0,82.0,-9999.0
5.0,83.0,-9999.0
5.0,84.0,-9999.0
5.0,85.0,-9999.0
5.0,86.0,-9999.0
5.0,87.0,-9999.0
5.0,88.0,-9999.0
6.0,0.0,-9999.0
6.0,1.0,-9999.0
6.0,2.0,-9999.0
6.0,3.0,-9999.0
6.0,4.0,-9999.0
6.0,5.0,-9999.0
6.0,6.0,-9999.0
6.0,7.0,-9999.0
6.0,8.0,-9999.0
6.0,9.0,-2.0302321
6.0,10.0,-1.9075872
6.0,11.0,-1.8028664
6.0,12.0,-1.7871249
6.0,13.0,-1.081133
6.0,14.0,-1.0524452
6.0,15.0,-1.714349
6.0,16.0,-2.5807172
6.0,17.0,-2.7441494
6.0,18.0,-1.5247325
6.0,19.0,-3.2924376
6.0,20.0,-4.2351545
6.0,21.0,-5.327607
6.0,22.0,-5.9968995
6.0,23.0,-5.9941097
6.0,24.0,-6.7813224
6.0,25.0,-8.2136082
6.0,26.0,-8.3898814
6.0,27.0,-7.8649527
6.0,28.0,-8.2444555
6.0,29.0,-9.0709428
6.0,30.0,-8.7383486
6.0,31.0,-8.436698
6.0,32.0,-8.7891148
6.0,33.0,-9.1706403
6.0,34.0,-8.8782473
6.0,35.0,-8.8105958
6.0,36.0,-9.0088959
6.0,37.0,-9.0499547
6.0,38.0,-8.83039
6.0,39.0,-8.8352358
6.0,40.0,-9.0176658
6.0,41.0,-9.0094032
6.0,42.0,-9.0274808
6.0,43.0,-9.3275992
6.0,44.0,-9.6844047
6.0,45.0,-9.4687346
6.0,46.0,-9.3999817
6.0,47.0,-9.6424327
6.0,48.0,-9.7713724
6.0,49.0,-9.5256122
6.0,50.0,-9.3148758
6.0,51.0,-9.0208465
6.0,52.0,-9.1122618
6.0,53.0,-9.4914475
6.0,54.0,-9.6648426
6.0,55.0,-9.6637361
6.0,56.0,-10.189327
6.0,57.0,-10.707631
6.0,58.0,-11.269751
6.0,59.0,-11.794554
6.0,60.0,-11.70731
6.0,61.0,-12.428553
6.0,62.0,-13.22063
6.0,63.0,-12.982029
6.0,64.0,-12.277259
6.0,65.0,-12.457815
6.0,66.0,-13.391874
6.0,67.0,-13.037287
6.0,68.0,-12.460365
6.0,69.0,-12.957918
6.0,70.0,-9999.0
6.0,71.0,-9999.0
6.0,72.0,-9999.0
6.0,73.0,-9999.0
6.0,74.0,-9999.0
6.0,75.0,-9999.0
6.0,76.0,-9999.0
6.0,77.0,-9999.0
6.0,78.0,-9999.0
6.0,79.0,-9999.0
6.0,80.0,-9999.0
6.0,81.0,-9999.0
6.0,82.0,-9999.0
6.0,83.0,-9999.0
6.0,84.0,-9999.0
6.0,85.0,-9999.0
6.0,86.0,-9999.0
6.0,87.0,-9999.0
6.0,88.0,-9999.0
7.0,0.0,-9999.0
7.0,1.0,-9999.0
7.0,2.0,-9999.0
7.0,3.0,-9999.0
7.0,4.0,-9999.0
7.0,5.0,-9999.0
7.0,6.0,-9999.0
7.0,7.0,-9999.0
7.0,8.0,-9999.0
7.0,9.0,-9999.0
7.0,10.0,-9999.0
7.0,11.0,-2.1020642
7.0,12.0,-1.897305
7.0,13.0,-1.5943958
7.0,14.0,-1.4828918
7.0,15.0,-1.7435785
7.0,16.0,-2.1835151
7.0,17.0,-2.399108
7.0,18.0,-2.4453466
7.0,19.0,-2.8604241
7.0,20.0,-3.4340878
7.0,21.0,-3.8637448
7.0,22.0,-4.2419954
7.0,23.0,-4.8945922
7.0,24.0,-5.8205999
7.0,25.0,-6.7069851
7.0,26.0,-7.08088
7.0,27.0,-7.1832642
7.0,28.0,-7.514211
7.0,29.0,-7.8928837
7.0,30.0,-7.9636813
7.0,31.0,-8.0043708
7.0,32.0,-8.2525153
7.0,33.0,-8.4957706
7.0,34.0,-8.5632763
7.0,35.0,-8.513761
7.0,36.0,-8.5003702
7.0,37.0,-8.4948321
7.0,38.0,-8.4657862
7.0,39.0,-8.5327376
7.0,40.0,-8.6618113
7.0,41.0,-8.6964658
7.0,42.0,-8.7069312
7.0,43.0,-8.8072212
7.0,44.0,-8.9156587
7.0,45.0,-8.9629897
7.0,46.0,-9.0465635
7.0,47.0,-9.1926676
7.0,48.0,-9.2652717
7.0,49.0,-9.2184561
7.0,50.0,-9.1592855
7.0,51.0,-9.1391807
7.0,52.0,-9.2031401
7.0,53.0,-9.3553024
7.0,54.0,-9.5216484
7.0,55.0,-9.6743039
7.0,56.0,-9.8684182
7.0,57.0,-10.085072
7.0,58.0,-10.274252
7.0,59.0,-10.455203
7.0,60.0,-10.727641
7.0,61.0,-11.11817
7.0,62.0,-11.385692
7.0,63.0,-11.39522
7.0,64.0,-11.370844
7.0,65.0,-11.54205
7.0,66.0,-11.796609
7.0,67.0,-11.802589
7.0,68.0,-11.706475
7.0,69.0,-11.798013
7.0,70.0,-9999.0
7.0,71.0,-9999.0
7.0,72.0,-9999.0
7.0,73.0,-9999.0
7.0,74.0,-9999.0
7.0,75.0,-9999.0
7.0,76.0,-9999.0
7.0,77.0,-9999.0
7.0,78.0,-9999.0
7.0,79.0,-9999.0
7.0,80.0,-9999.0
7.0,81.0,-9999.0
7.0,82.0,-9999.0
7.0,83.0,-9999.0
7.0,84.0,-9999.0
7.0,85.0,-9999.0
7.0,86.0,-9999.0
7.0,87.0,-9999.0
7.0,88.0,-9999.0
8.0,0.0,-9999.0
8.0,1.0,-9999.0
8.0,2.0,-9999.0
8.0,3.0,-9999.0
8.0,4.0,-9999.0
8.0,5.0,-9999.0
8.0,6.0,-9999.0
8.0,7.0,-9999.0
8.0,8.0,-9999.0
8.0,9.0,-9999.0
8.0,10.0,-9999.0
8.0,11.0,-9999.0
8.0,12.0,-9999.0
8.0,13.0,-1.2925045
8.0,14.0,-0.60394761
8.0,15.0,-0.88536467
8.0,16.0,-1.5230988
8.0,17.0,-1.5316196
8.0,18.0,-0.97571984
8.0,19.0,-1.8579889
8.0,20.0,-2.5784379
8.0,21.0,-2.2851937
8.0,22.0,-2.0090856
8.0,23.0,-3.6400999
8.0,24.0,-5.2510748
8.0,25.0,-7.0164701
8.0,26.0,-7.2501799
8.0,27.0,-6.8068503
8.0,28.0,-7.3172251
8.0,29.0,-8.2634381
8.0,30.0,-7.9397465
8.0,31.0,-7.7503339
8.0,32.0,-8.1991419
8.0,33.0,-8.7035853
8.0,34.0,-8.9338584
8.0,35.0,-8.5655368
8.0,36.0,-8.4007066
8.0,37.0,-8.3910269
8.0,38.0,-8.232846
8.0,39.0,-8.4025209
8.0,40.0,-8.8790532
8.0,41.0,-8.7474151
8.0,42.0,-8.4888
8.0,43.0,-8.520134
8.0,44.0,-8.6199891
8.0,45.0,-8.6542634
8.0,46.0,-8.8074514
8.0,47.0,-9.1275861
8.0,48.0,-9.2832942
8.0,49.0,-9.0762989
8.0,50.0,-9.0253545
8.0,51.0,-9.0955084
8.0,52.0,-9.1309208
8.0,53.0,-9.2156039
8.0,54.0,-9.4057148
8.0,55.0,-9.6100949
8.0,56.0,-9.6138821
8.0,57.0,-9.6134618
8.0,58.0,-9.4455552
8.0,59.0,-9.2644675
8.0,60.0,-9.8377556
8.0,61.0,-10.22979
8.0,62.0,-10.270626
8.0,63.0,-10.319124
8.0,64.0,-10.635835
8.0,65.0,-11.035109
8.0,66.0,-11.537481
8.0,67.0,-11.430559
8.0,68.0,-11.217966
8.0,69.0,-11.297164
8.0,70.0,-9999.0
8.0,71.0,-9999.0
8.0,72.0,-9999.0
8.0,73.0,-9999.0
8.0,74.0,-9999.0
8.0,75.0,-9999.0
8.0,76.0,-9999.0
8.0,77.0,-9999.0
8.0,78.0,-9999.0
8.0,79.0,-9999.0
8.0,80.0,-9999.0
8.0,81.0,-9999.0
8.0,82.0,-9999.0
8.0,83.0,-9999.0
8.0,84.0,-9999.0
8.0,85.0,-9999.0
8.0,86.0,-9999.0
8.0,87.0,-9999.0
8.0,88.0,-9999.0
9.0,0.0,-9999.0
9.0,1.0,-9999.0
9.0,2.0,-9999.0
9.0,3.0,-9999.0
9.0,4.0,-9999.0
9.0,5.0,-9999.0
9.0,6.0,-9999.0
9.0,7.0,-9999.0
9.0,8.0,-9999.0
9.0,9.0,-9999.0
9.0,10.0,-9999.0
9.0,11.0,-9999.0
9.0,12.0,-9999.0
9.0,13.0,-9999.0
9.0,14.0,-9999.0
9.0,15.0,-0.15234685
9.0,16.0,-0.88981688
9.0,17.0,-0.87742061
9.0,18.0,0.45768496
9.0,19.0,-1.1068188
9.0,20.0,-2.0081621
9.0,21.0,-1.3550374
9.0,22.0,-0.47267602
9.0,23.0,-2.7754851
9.0,24.0,-4.6542267
9.0,25.0,-7.8735156
9.0,26.0,-7.8192064
9.0,27.0,-6.3717739
9.0,28.0,-7.124272
9.0,29.0,-9.2433096
9.0,30.0,-8.0289346
9.0,31.0,-7.4475185
9.0,32.0,-8.1654249
9.0,33.0,-9.0199221
9.0,34.0,-9.522479
9.0,35.0,-8.62368
9.0,36.0,-8.438647
9.0,37.0,-8.5406294
9.0,38.0,-8.0145225
9.0,39.0,-8.2604516
9.0,40.0,-9.352215
9.0,41.0,-8.883754
9.0,42.0,-8.2851676
9.0,43.0,-8.3659365
9.0,44.0,-8.6766706
9.0,45.0,-8.4909628
9.0,46.0,-8.6235953
9.0,47.0,-9.2019668
9.0,48.0,-9.5508234
9.0,49.0,-8.978728
9.0,50.0,-8.9069175
9.0,51.0,-9.1208263
9.0,52.0,-9.1044797
9.0,53.0,-9.0829493
9.0,54.0,-9.3158437
9.0,55.0,-9.7560799
9.0,56.0,-9.4941331
9.0,57.0,-9.3116277
9.0,58.0,-9.0113014
9.0,59.0,-8.5915053
9.0,60.0,-9.351561
9.0,61.0,-9.7478621
9.0,62.0,-9.8907112
9.0,63.0,-9.9229694
9.0,64.0,-10.161984
9.0,65.0,-10.742111
9.0,66.0,-11.908421
9.0,67.0,-11.420788
9.0,68.0,-10.9048
9.0,69.0,-11.13654
9.0,70.0,-9999.0
9.0,71.0,-9999.0
9.0,72.0,-9999.0
9.0,73.0,-9999.0
9.0,74.0,-9999.0
9.0,75.0,-9999.0
9.0,76.0,-9999.0
9.0,77.0,-9999.0
9.0,78.0,-9999.0
9.0,79.0,-9999.0
9.0,80.0,-9999.0
9.0,81.0,-9999.0
9.0,82.0,-9999.0
9.0,83.0,-9999.0
9.0,84.0,-9999.0
9.0,85.0,-9999.0
9.0,86.0,-9999.0
9.0,87.0,-9999.0
9.0,88.0,-9999.0
10.0,0.0,-9999.0
10.0,1.0,-9999.0
10.0,2.0,-9999.0
10.0,3.0,-9999.0
10.0,4.0,-9999.0
10.0,5.0,-9999.0
10.0,6.0,-9999.0
10.0,7.0,-9999.0
10.0,8.0,-9999.0
10.0,9.0,-9999.0
10.0,10.0,-9999.0
10.0,11.0,-9999.0
10.0,12.0,-9999.0
10.0,13.0,-9999.0
10.0,14.0,-9999.0
10.0,15.0,0.72884216
10.0,16.0,-0.51799525
10.0,17.0,-0.86519396
10.0,18.0,-0.87565474
10.0,19.0,-1.3239811
10.0,20.0,-1.7741573
10.0,21.0,-1.7707228
10.0,22.0,-1.7771224
10.0,23.0,-2.2557023
10.0,24.0,-3.0326735
10.0,25.0,-4.6149161
10.0,26.0,-5.2499614
10.0,27.0,-5.3009767
10.0,28.0,-5.9993755
10.0,29.0,-6.8567031
10.0,30.0,-6.80729
10.0,31.0,-6.7706738
10.0,32.0,-7.2743946
10.0,33.0,-7.9230176
10.0,34.0,-8.2716265
10.0,35.0,-7.9073766
10.0,36.0,-7.7079508
10.0,37.0,-7.6787968
10.0,38.0,-7.557682
10.0,39.0,-7.7333362
10.0,40.0,-8.1111029
10.0,41.0,-8.0719772
10.0,42.0,-7.9138655
10.0,43.0,-8.0003073
10.0,44.0,-8.1622617
10.0,45.0,-8.1934307
10.0,46.0,-8.3452678
10.0,47.0,-8.6563983
10.0,48.0,-8.8156887
10.0,49.0,-8.7092504
10.0,50.0,-8.7169392
10.0,51.0,-8.8330028
10.0,52.0,-8.8766379
10.0,53.0,-8.9095964
10.0,54.0,-9.0522807
10.0,55.0,-9.2162863
10.0,56.0,-9.1718456
10.0,57.0,-9.0849509
10.0,58.0,-9.0170403
10.0,59.0,-9.0126716
10.0,60.0,-9.2110929
10.0,61.0,-9.4210867
10.0,62.0,-9.5336625
10.0,63.0,-9.503533
10.0,64.0,-9.7418151
10.0,65.0,-10.165495
10.0,66.0,-10.649844
10.0,67.0,-10.631898
10.0,68.0,-10.488696
10.0,69.0,-10.623499
10.0,70.0,-9999.0
10.0,71.0,-9999.0
10.0,72.0,-9999.0
10.0,73.0,-9999.0
10.0,74.0,-9999.0
10.0,75.0,-9999.0
10.0,76.0,-9999.0
10.0,77.0,-9999.0
10.0,78.0,-9999.0
10.0,79.0,-9999.0
10.0,80.0,-9999.0
10.0,81.0,-9999.0
10.0,82.0,-9999.0
10.0,83.0,-9999.0
10.0,84.0,-9999.0
10.0,85.0,-9999.0
10.0,86.0,-9999.0
10.0,87.0,-9999.0
10.0,88.0,-9999.0
11.0,0.0,-9999.0
11.0,1.0,-9999.0
11.0,2.0,-9999.0
11.0,3.0,-9999.0
11.0,4.0,-9999.0
11.0,5.0,-9999.0
11.0,6.0,-9999.0
11.0,7.0,-9999.0
11.0,8.0,-9999.0
11.0,9.0,-9999.0
11.0,10.0,-9999.0
11.0,11.0,-9999.0
11.0,12.0,-9999.0
11.0,13.0,-9999.0
11.0,14.0,-9999.0
11.0,15.0,-9999.0
11.0,16.0,-0.4267203
11.0,17.0,-0.63882806
11.0,18.0,-0.58454136
11.0,19.0,-0.98752079
11.0,20.0,-1.4394321
11.0,21.0,-1.5203792
11.0,22.0,-1.4650583
11.0,23.0,-0.99156086
11.0,24.0,-0.50143519
11.0,25.0,-2.0870813
11.0,26.0,-2.9776962
11.0,27.0,-3.9799099
11.0,28.0,-4.9225961
11.0,29.0,-5.5761493
11.0,30.0,-5.7885799
11.0,31.0,-5.887198
11.0,32.0,-6.0323962
11.0,33.0,-6.2794247
11.0,34.0,-6.702455
11.0,35.0,-6.8611628
11.0,36.0,-6.8499482
11.0,37.0,-6.8767986
11.0,38.0,-6.9973636
11.0,39.0,-7.1800853
11.0,40.0,-7.3477996
11.0,41.0,-7.4327781
11.0,42.0,-7.5000308
11.0,43.0,-7.6077735
11.0,44.0,-7.7220928
11.0,45.0,-7.8567407
11.0,46.0,-8.0717055
11.0,47.0,-8.3371412
11.0,48.0,-8.4815901
11.0,49.0,-8.485975
11.0,50.0,-8.5429761
11.0,51.0,-8.6601373
11.0,52.0,-8.713081
11.0,53.0,-8.7423117
11.0,54.0,-8.8372503
11.0,55.0,-8.9303514
11.0,56.0,-8.9145136
11.0,57.0,-8.8643794
11.0,58.0,-8.8556056
11.0,59.0,-8.8965258
11.0,60.0,-9.0009411
11.0,61.0,-9.1372972
11.0,62.0,-9.2475095
11.0,63.0,-9.3032479
11.0,64.0,-9.4384349
11.0,65.0,-9.719005
11.0,66.0,-9.983312
11.0,67.0,-10.070754
11.0,68.0,-10.111068
11.0,69.0,-10.25721
11.0,70.0,-9999.0
11.0,71.0,-9999.0
11.0,72.0,-9999.0
11.0,73.0,-9999.0
11.0,74.0,-9999.0
11.0,75.0,-9999.0
11.0,76.0,-9999.0
11.0,77.0,-9999.0
11.0,78.0,-9999.0
11.0,79.0,-9999.0
11.0,80.0,-9999.0
11.0,81.0,-9999.0
11.0,82.0,-9999.0
11.0,83.0,-9999.0
11.0,84.0,-9999.0
11.0,85.0,-9999.0
11.0,86.0,-9999.0
11.0,87.0,-9999.0
11.0,88.0,-9999.0
12.0,0.0,-9999.0
12.0,1.0,-9999.0
12.0,2.0,-9999.0
12.0,3.0,-9999.0
12.0,4.0,-9999.0
12.0,5.0,-9999.0
12.0,6.0,-9999.0
12.0,7.0,-9999.0
12.0,8.0,-9999.0
12.0,9.0,-9999.0
12.0,10.0,-9999.0
12.0,11.0,-9999.0
12.0,12.0,-9999.0
12.0,13.0,-9999.0
12.0,14.0,-9999.0
12.0,15.0,-9999.0
12.0,16.0,-9999.0
12.0,17.0,-9999.0
12.0,18.0,1.5239224
12.0,19.0,0.062996698
12.0,20.0,-0.98633175
12.0,21.0,-0.82210389
12.0,22.0,-0.50683185
12.0,23.0,-0.64603537
12.0,24.0,-0.24607292
12.0,25.0,-0.14031717
12.0,26.0,-0.57371354
12.0,27.0,-2.8191106
12.0,28.0,-4.4518284
12.0,29.0,-5.9613993
12.0,30.0,-5.4970642
12.0,31.0,-5.1147391
12.0,32.0,-4.7368355
12.0,33.0,-4.1586308
12.0,34.0,-5.3629478
12.0,35.0,-6.0201044
12.0,36.0,-6.2256131
12.0,37.0,-6.2888505
12.0,38.0,-6.526335
12.0,39.0,-6.8258269
12.0,40.0,-7.1518617
12.0,41.0,-7.1476911
12.0,42.0,-7.1854717
12.0,43.0,-7.3707337
12.0,44.0,-7.5476536
12.0,45.0,-7.6119545
12.0,46.0,-7.8990648
12.0,47.0,-8.4898089
12.0,48.0,-8.8018406
12.0,49.0,-8.4168534
12.0,50.0,-8.465801
12.0,51.0,-8.8583907
12.0,52.0,-8.8266403
12.0,53.0,-8.6436152
12.0,54.0,-8.7872398
12.0,55.0,-9.1433771
12.0,56.0,-8.8793918
12.0,57.0,-8.6681581
12.0,58.0,-8.6830654
12.0,59.0,-8.7580425
12.0,60.0,-8.782897
12.0,61.0,-8.8896273
12.0,62.0,-8.9622411
12.0,63.0,-9.0134794
12.0,64.0,-9.1828554
12.0,65.0,-9.5248238
12.0,66.0,-10.140029
12.0,67.0,-10.000792
12.0,68.0,-9.9100311
12.0,69.0,-10.320882
12.0,70.0,-9999.0
12.0,71.0,-9999.0
12.0,72.0,-9999.0
12.0,73.0,-9999.0
12.0,74.0,-9999.0
12.0,75.0,-9999.0
12.0,76.0,-9999.0
12.0,77.0,-9999.0
12.0,78.0,-9999.0
12.0,79.0,-9999.0
12.0,80.0,-9999.0
12.0,81.0,-9999.0
12.0,82.0,-9999.0
12.0,83.0,-9999.0
12.0,84.0,-9999.0
12.0,85.0,-9999.0
12.0,86.0,-9999.0
12.0,87.0,-9999.0
12.0,88.0,-9999.0
13.0,0.0,-9999.0
13.0,1.0,-9999.0
13.0,2.0,-9999.0
13.0,3.0,-9999.0
13.0,4.0,-9999.0
13.0,5.0,-9999.0
13.0,6.0,-9999.0
13.0,7.0,-9999.0
13.0,8.0,-9999.0
13.0,9.0,-9999.0
13.0,10.0,-9999.0
13.0,11.0,-9999.0
13.0,12.0,-9999.0
13.0,13.0,-9999.0
13.0,14.0,-9999.0
13.0,15.0,-9999.0
13.0,16.0,-9999.0
13.0,17.0,-9999.0
13.0,18.0,-9999.0
13.0,19.0,0.2941146
13.0,20.0,-0.7688653
13.0,21.0,-0.60508879
13.0,22.0,-0.31524359
13.0,23.0,-0.73788686
13.0,24.0,-0.65685941
13.0,25.0,0.26908885
13.0,26.0,-0.068569274
13.0,27.0,-2.1283333
13.0,28.0,-3.8290065
13.0,29.0,-5.8765043
13.0,30.0,-5.0258633
13.0,31.0,-4.4435172
13.0,32.0,-4.2010916
13.0,33.0,-3.7833458
13.0,34.0,-4.7646293
13.0,35.0,-5.4571264
13.0,36.0,-5.9496493
13.0,37.0,-6.0879154
13.0,38.0,-6.1646548
13.0,39.0,-6.5245964
13.0,40.0,-7.0645789
13.0,41.0,-6.9688624
13.0,42.0,-6.9069132
13.0,43.0,-7.1601986
13.0,44.0,-7.4915883
13.0,45.0,-7.4351743
13.0,46.0,-7.6954223
13.0,47.0,-8.4000516
13.0,48.0,-8.7983556
13.0,49.0,-8.2636037
13.0,50.0,-8.3212479
13.0,51.0,-8.8353921
13.0,52.0,-8.7768315
13.0,53.0,-8.5197554
13.0,54.0,-8.6736378
13.0,55.0,-9.1404796
13.0,56.0,-8.7377877
13.0,57.0,-8.3992686
13.0,58.0,-8.4580833
13.0,59.0,-8.6828801
13.0,60.0,-8.5897369
13.0,61.0,-8.6680498
13.0,62.0,-8.8134307
13.0,63.0,-8.8470356
13.0,64.0,-8.8652829
13.0,65.0,-9.2320066
13.0,66.0,-10.097268
13.0,67.0,-9.8545717
13.0,68.0,-9.7138364
13.0,69.0,-10.196856
13.0,70.0,-9999.0
13.0,71.0,-9999.0
13.0,72.0,-9999.0
13.0,73.0,-9999.0
13.0,74.0,-9999.0
13.0,75.0,-9999.0
13.0,76.0,-9999.0
13.0,77.0,-9999.0
13.0,78.0,-9999.0
13.0,79.0,-9999.0
13.0,80.0,-9999.0
13.0,81.0,-9999.0
13.0,82.0,-9999.0
13.0,83.0,-9999.0
13.0,84.0,-9999.0
13.0,85.0,-9999.0
13.0,86.0,-9999.0
13.0,87.0,-9999.0
13.0,88.0,-9999.0
14.0,0.0,-9999.0
14.0,1.0,-9999.0
14.0,2.0,-9999.0
14.0,3.0,-9999.0
14.0,4.0,-9999.0
14.0,5.0,-9999.0
14.0,6.0,-9999.0
14.0,7.0,-9999.0
14.0,8.0,-9999.0
14.0,9.0,-9999.0
14.0,10.0,-9999.0
14.0,11.0,-9999.0
14.0,12.0,-9999.0
14.0,13.0,-9999.0
14.0,14.0,-9999.0
14.0,15.0,-9999.0
14.0,16.0,-9999.0
14.0,17.0,-9999.0
14.0,18.0,-9999.0
14.0,19.0,-9999.0
14.0,20.0,-0.75574884
14.0,21.0,-0.63668897
14.0,22.0,-0.47279356
14.0,23.0,-0.36149148
14.0,24.0,-0.25523644
14.0,25.0,-0.28726045
14.0,26.0,-0.71452005
14.0,27.0,-1.5247361
14.0,28.0,-2.3508423
14.0,29.0,-3.0768097
14.0,30.0,-3.3365115
14.0,31.0,-3.5788236
14.0,32.0,-3.8800732
14.0,33.0,-4.1233525
14.0,34.0,-4.4871308
14.0,35.0,-4.8876993
14.0,36.0,-5.2271197
14.0,37.0,-5.4572186
14.0,38.0,-5.7023885
14.0,39.0,-6.0638289
14.0,40.0,-6.3851702
14.0,41.0,-6.4853408
14.0,42.0,-6.527519
14.0,43.0,-6.7177557
14.0,44.0,-6.9792373
14.0,45.0,-7.143719
14.0,46.0,-7.368901
14.0,47.0,-7.6877318
14.0,48.0,-7.8776775
14.0,49.0,-7.8918819
14.0,50.0,-8.0207019
14.0,51.0,-8.232689
14.0,52.0,-8.3138198
14.0,53.0,-8.3640466
14.0,54.0,-8.4738856
14.0,55.0,-8.4856144
14.0,56.0,-8.3109299
14.0,57.0,-7.9046243
14.0,58.0,-7.7077839
14.0,59.0,-8.1634586
14.0,60.0,-8.3116011
14.0,61.0,-8.3973865
14.0,62.0,-8.4842041
14.0,63.0,-8.5238772
14.0,64.0,-8.4371221
14.0,65.0,-8.7142511
14.0,66.0,-9.0930161
14.0,67.0,-9.2286593
14.0,68.0,-9.4339823
14.0,69.0,-10.035001
14.0,70.0,-9999.0
14.0,71.0,-9999.0
14.0,72.0,-9999.0
14.0,73.0,-9999.0
14.0,74.0,-9999.0
14.0,75.0,-9999.0
14.0,76.0,-9999.0
14.0,77.0,-9999.0
14.0,78.0,-9999.0
14.0,79.0,-9999.0
14.0,80.0,-9999.0
14.0,81.0,-9999.0
14.0,82.0,-9999.0
14.0,83.0,-9999.0
14.0,84.0,-9999.0
14.0,85.0,-9999.0
14.0,86.0,-9999.0
14.0,87.0,-9999.0
14.0,88.0,-9999.0
15.0,0.0,-9999.0
15.0,1.0,-9999.0
15.0,2.0,-9999.0
15.0,3.0,-9999.0
15.0,4.0,-9999.0
15.0,5.0,-9999.0
15.0,6.0,-9999.0
15.0,7.0,-9999.0
15.0,8.0,-9999.0
15.0,9.0,-9999.0
15.0,10.0,-9999.0
15.0,11.0,-9999.0
15.0,12.0,-9999.0
15.0,13.0,-9999.0
15.0,14.0,-9999.0
15.0,15.0,-9999.0
15.0,16.0,-9999.0
15.0,17.0,-9999.0
15.0,18.0,-9999.0
15.0,19.0,-9999.0
15.0,20.0,-9999.0
15.0,21.0,-0.047252859
15.0,22.0,0.36264571
15.0,23.0,0.69993089
15.0,24.0,0.9085223
15.0,25.0,0.78114169
15.0,26.0,0.076569566
15.0,27.0,-0.57914542
15.0,28.0,-0.68543991
15.0,29.0,-0.64792242
15.0,30.0,-1.4490189
15.0,31.0,-2.5554068
15.0,32.0,-3.3024357
15.0,33.0,-3.6945469
15.0,34.0,-3.99237
15.0,35.0,-4.2519474
15.0,36.0,-4.3195635
15.0,37.0,-4.5199035
15.0,38.0,-5.1079478
15.0,39.0,-5.6684195
15.0,40.0,-6.0634663
15.0,41.0,-6.1566168
15.0,42.0,-6.0474304
15.0,43.0,-6.2046996
15.0,44.0,-6.6995185
15.0,45.0,-6.896459
15.0,46.0,-7.0747021
15.0,47.0,-7.2582552
15.0,48.0,-7.3898038
15.0,49.0,-7.5562264
15.0,50.0,-7.77841
15.0,51.0,-8.0116069
15.0,52.0,-8.1274324
15.0,53.0,-8.3427667
15.0,54.0,-8.7683027
15.0,55.0,-8.3729637
15.0,56.0,-8.1357817
15.0,57.0,-7.7178789
15.0,58.0,-7.4648946
15.0,59.0,-7.8954668
15.0,60.0,-8.0497851
15.0,61.0,-8.0967499
15.0,62.0,-8.0484567
15.0,63.0,-8.143497
15.0,64.0,-8.3576414
15.0,65.0,-8.452343
15.0,66.0,-8.5294892
15.0,67.0,-8.7010546
15.0,68.0,-9.0481702
15.0,69.0,-9.6086728
15.0,70.0,-9999.0
15.0,71.0,-9999.0
15.0,72.0,-9999.0
15.0,73.0,-9999.0
15.0,74.0,-9999.0
15.0,75.0,-9999.0
15.0,76.0,-9999.0
15.0,77.0,-9999.0
15.0,78.0,-9999.0
15.0,79.0,-9999.0
15.0,80.0,-9999.0
15.0,81.0,-9999.0
15.0,82.0,-9999.0
15.0,83.0,-9999.0
15.0,84.0,-9999.0
15.0,85.0,-9999.0
15.0,86.0,-9999.0
15.0,87.0,-9999.0
15.0,88.0,-9999.0
16.0,0.0,-9999.0
16.0,1.0,-9999.0
16.0,2.0,-9999.0
16.0,3.0,-9999.0
16.0,4.0,-9999.0
16.0,5.0,-9999.0
16.0,6.0,-9999.0
16.0,7.0,-9999.0
16.0,8.0,-9999.0
16.0,9.0,-9999.0
16.0,10.0,-9999.0
16.0,11.0,-9999.0
16.0,12.0,-9999.0
16.0,13.0,-9999.0
16.0,14.0,-9999.0
16.0,15.0,-9999.0
16.0,16.0,-9999.0
16.0,17.0,-9999.0
16.0,18.0,-9999.0
16.0,19.0,-9999.0
16.0,20.0,-9999.0
16.0,21.0,-9999.0
16.0,22.0,1.8292437
16.0,23.0,2.0235935
16.0,24.0,1.6800549
16.0,25.0,1.6307299
16.0,26.0,1.3736835
16.0,27.0,0.31700289
16.0,28.0,1.0689881
16.0,29.0,2.2001206
16.0,30.0,0.4559252
16.0,31.0,-1.6857139
16.0,32.0,-3.0212831
16.0,33.0,-3.6289988
16.0,34.0,-3.5466464
16.0,35.0,-3.6836291
16.0,36.0,-3.3221317
16.0,37.0,-3.2578898
16.0,38.0,-4.5351977
16.0,39.0,-5.4597009
16.0,40.0,-6.4558014
16.0,41.0,-6.1959503
16.0,42.0,-5.7543386
16.0,43.0,-5.9429046
16.0,44.0,-7.1675789
16.0,45.0,-6.832294
16.0,46.0,-6.8815809
16.0,47.0,-7.1011583
16.0,48.0,-7.1932234
16.0,49.0,-7.3265367
16.0,50.0,-7.6552267
16.0,51.0,-8.2594654
16.0,52.0,-8.2187856
16.0,53.0,-8.1425267
16.0,54.0,-8.3666904
16.0,55.0,-8.5197686
16.0,56.0,-8.1810308
16.0,57.0,-7.8688326
16.0,58.0,-7.7901414
16.0,59.0,-7.8076326
16.0,60.0,-7.8729358
16.0,61.0,-7.8415111
16.0,62.0,-7.4499059
16.0,63.0,-7.4311302
16.0,64.0,-8.0322154
16.0,65.0,-8.1939552
16.0,66.0,-8.0664912
16.0,67.0,-8.2596593
16.0,68.0,-8.6228172
16.0,69.0,-8.8437311
16.0,70.0,-9999.0
16.0,71.0,-9999.0
16.0,72.0,-9999.0
16.0,73.0,-9999.0
16.0,74.0,-9999.0
16.0,75.0,-9999.0
16.0,76.0,-9999.0
16.0,77.0,-9999.0
16.0,78.0,-9999.0
16.0,79.0,-9999.0
16.0,80.0,-9999.0
16.0,81.0,-9999.0
16.0,82.0,-9999.0
16.0,83.0,-9999.0
16.0,84.0,-9999.0
16.0,85.0,-9999.0
16.0,86.0,-9999.0
16.0,87.0,-9999.0
16.0,88.0,-9999.0
17.0,0.0,-9999.0
17.0,1.0,-9999.0
17.0,2.0,-9999.0
17.0,3.0,-9999.0
17.0,4.0,-9999.0
17.0,5.0,-9999.0
17.0,6.0,-9999.0
17.0,7.0,-9999.0
17.0,8.0,-9999.0
17.0,9.0,-9999.0
17.0,10.0,-9999.0
17.0,11.0,-9999.0
17.0,12.0,-9999.0
17.0,13.0,-9999.0
17.0,14.0,-9999.0
17.0,15.0,-9999.0
17.0,16.0,-9999.0
17.0,17.0,-9999.0
17.0,18.0,-9999.0
17.0,19.0,-9999.0
17.0,20.0,-9999.0
17.0,21.0,-9999.0
17.0,22.0,-9999.0
17.0,23.0,1.0735683
17.0,24.0,1.0132165
17.0,25.0,1.1714311
17.0,26.0,0.99078296
17.0,27.0,0.65852109
17.0,28.0,2.0520822
17.0,29.0,2.0637757
17.0,30.0,0.70560179
17.0,31.0,-1.132055
17.0,32.0,-2.4604616
17.0,33.0,-3.1500407
17.0,34.0,-3.0518344
17.0,35.0,-3.2191786
17.0,36.0,-3.2685495
17.0,37.0,-3.4132148
17.0,38.0,-4.218434
17.0,39.0,-5.0453454
17.0,40.0,-5.9153501
17.0,41.0,-5.8716673
17.0,42.0,-5.8320561
17.0,43.0,-6.1953561
17.0,44.0,-6.7607665
17.0,45.0,-6.6384254
17.0,46.0,-6.6931738
17.0,47.0,-6.9301662
17.0,48.0,-7.0741718
17.0,49.0,-7.1487393
17.0,50.0,-7.4366962
17.0,51.0,-7.9318278
17.0,52.0,-7.9497998
17.0,53.0,-7.8366885
17.0,54.0,-7.9821234
17.0,55.0,-8.2237924
17.0,56.0,-8.0060304
17.0,57.0,-7.7992716
17.0,58.0,-7.7585455
17.0,59.0,-7.7739578
17.0,60.0,-7.7629016
17.0,61.0,-7.7157181
17.0,62.0,-7.5195715
17.0,63.0,-7.5302739
17.0,64.0,-7.858393
17.0,65.0,-8.02252
17.0,66.0,-8.0623753
17.0,67.0,-8.151987
17.0,68.0,-8.3325399
17.0,69.0,-8.511913
17.0,70.0,-8.6222761
17.0,71.0,-9999.0
17.0,72.0,-9999.0
17.0,73.0,-9999.0
17.0,74.0,-9999.0
17.0,75.0,-9999.0
17.0,76.0,-9999.0
17.0,77.0,-9999.0
17.0,78.0,-9999.0
17.0,79.0,-9999.0
17.0,80.0,-9999.0
17.0,81.0,-9999.0
17.0,82.0,-9999.0
17.0,83.0,-9999.0
17.0,84.0,-9999.0
17.0,85.0,-9999.0
17.0,86.0,-9999.0
17.0,87.0,-9999.0
17.0,88.0,-9999.0
18.0,0.0,-9999.0
18.0,1.0,-9999.0
18.0,2.0,-9999.0
18.0,3.0,-9999.0
18.0,4.0,-9999.0
18.0,5.0,-9999.0
18.0,6.0,-9999.0
18.0,7.0,-9999.0
18.0,8.0,-9999.0
18.0,9.0,-9999.0
18.0,10.0,-9999.0
18.0,11.0,-9999.0
18.0,12.0,-9999.0
18.0,13.0,-9999.0
18.0,14.0,-9999.0
18.0,15.0,-9999.0
18.0,16.0,-9999.0
18.0,17.0,-9999.0
18.0,18.0,-9999.0
18.0,19.0,-9999.0
18.0,20.0,-9999.0
18.0,21.0,-9999.0
18.0,22.0,-9999.0
18.0,23.0,0.1487307
18.0,24.0,0.17533758
18.0,25.0,0.20297646
18.0,26.0,0.18745062
18.0,27.0,0.46994024
18.0,28.0,1.7444605
18.0,29.0,3.5693304
18.0,30.0,0.78965646
18.0,31.0,-0.73320431
18.0,32.0,-1.4209294
18.0,33.0,-1.7612011
18.0,34.0,-2.1238856
18.0,35.0,-2.5797489
18.0,36.0,-2.9612724
18.0,37.0,-3.3214701
18.0,38.0,-3.8204838
18.0,39.0,-4.3280336
18.0,40.0,-4.7278886
18.0,41.0,-5.0739901
18.0,42.0,-5.5040669
18.0,43.0,-5.9461047
18.0,44.0,-6.2383715
18.0,45.0,-6.3548762
18.0,46.0,-6.473881
18.0,47.0,-6.6374623
18.0,48.0,-6.7779618
18.0,49.0,-6.9146679
18.0,50.0,-7.1104448
18.0,51.0,-7.3145598
18.0,52.0,-7.4218918
18.0,53.0,-7.4921523
18.0,54.0,-7.5952024
18.0,55.0,-7.6731353
18.0,56.0,-7.6574897
18.0,57.0,-7.6213977
18.0,58.0,-7.6235235
18.0,59.0,-7.6373137
18.0,60.0,-7.6353518
18.0,61.0,-7.6251361
18.0,62.0,-7.6135416
18.0,63.0,-7.6504372
18.0,64.0,-7.7529484
18.0,65.0,-7.8598697
18.0,66.0,-7.939631
18.0,67.0,-8.0022359
18.0,68.0,-8.0812435
18.0,69.0,-8.1673816
18.0,70.0,-8.2055966
18.0,71.0,-9999.0
18.0,72.0,-9999.0
18.0,73.0,-9999.0
18.0,74.0,-9999.0
18.0,75.0,-9999.0
18.0,76.0,-9999.0
18.0,77.0,-9999.0
18.0,78.0,-9999.0
18.0,79.0,-9999.0
18.0,80.0,-9999.0
18.0,81.0,-9999.0
18.0,82.0,-9999.0
18.0,83.0,-9999.0
18.0,84.0,-9999.0
18.0,85.0,-9999.0
18.0,86.0,-9999.0
18.0,87.0,-9999.0
18.0,88.0,-9999.0
19.0,0.0,-9999.0
19.0,1.0,-9999.0
19.0,2.0,-9999.0
19.0,3.0,-9999.0
19.0,4.0,-9999.0
19.0,5.0,-9999.0
19.0,6.0,-9999.0
19.0,7.0,-9999.0
19.0,8.0,-9999.0
19.0,9.0,-9999.0
19.0,10.0,-9999.0
19.0,11.0,-9999.0
19.0,12.0,-9999.0
19.0,13.0,-9999.0
19.0,14.0,-9999.0
19.0,15.0,-9999.0
19.0,16.0,-9999.0
19.0,17.0,-9999.0
19.0,18.0,-9999.0
19.0,19.0,-9999.0
19.0,20.0,-9999.0
19.0,21.0,-9999.0
19.0,22.0,-9999.0
19.0,23.0,-9999.0
19.0,24.0,-0.41316925
19.0,25.0,-0.36277381
19.0,26.0,-0.27459531
19.0,27.0,0.028134092
19.0,28.0,0.747256
19.0,29.0,1.1926539
19.0,30.0,0.21630837
19.0,31.0,-0.41398039
19.0,32.0,-0.075964984
19.0,33.0,0.34171449
19.0,34.0,-0.7837057
19.0,35.0,-1.7564715
19.0,36.0,-2.2216414
19.0,37.0,-2.5461173
19.0,38.0,-3.2090545
19.0,39.0,-3.510385
19.0,40.0,-3.2597773
19.0,41.0,-3.8974478
19.0,42.0,-5.0608392
19.0,43.0,-5.9068502
19.0,44.0,-6.2468651
19.0,45.0,-6.2613217
19.0,46.0,-6.3164973
19.0,47.0,-6.4582706
19.0,48.0,-6.5692067
19.0,49.0,-6.6883392
19.0,50.0,-6.8492468
19.0,51.0,-6.9673729
19.0,52.0,-7.0589232
19.0,53.0,-7.1943084
19.0,54.0,-7.3125583
19.0,55.0,-7.3811005
19.0,56.0,-7.4083157
19.0,57.0,-7.4422442
19.0,58.0,-7.5058705
19.0,59.0,-7.5520883
19.0,60.0,-7.5222727
19.0,61.0,-7.5166377
19.0,62.0,-7.5443956
19.0,63.0,-7.5715137
19.0,64.0,-7.6220668
19.0,65.0,-7.7206475
19.0,66.0,-7.8290621
19.0,67.0,-7.8439225
19.0,68.0,-7.8596397
19.0,69.0,-7.9139133
19.0,70.0,-7.9864984
19.0,71.0,-8.0963344
19.0,72.0,-9999.0
19.0,73.0,-9999.0
19.0,74.0,-9999.0
19.0,75.0,-9999.0
19.0,76.0,-9999.0
19.0,77.0,-9999.0
19.0,78.0,-9999.0
19.0,79.0,-9999.0
19.0,80.0,-9999.0
19.0,81.0,-9999.0
19.0,82.0,-9999.0
19.0,83.0,-9999.0
19.0,84.0,-9999.0
19.0,85.0,-9999.0
19.0,86.0,-9999.0
19.0,87.0,-9999.0
19.0,88.0,-9999.0
20.0,0.0,-9999.0
20.0,1.0,-9999.0
20.0,2.0,-9999.0
20.0,3.0,-9999.0
20.0,4.0,-9999.0
20.0,5.0,-9999.0
20.0,6.0,-9999.0
20.0,7.0,-9999.0
20.0,8.0,-9999.0
20.0,9.0,-9999.0
20.0,10.0,-9999.0
20.0,11.0,-9999.0
20.0,12.0,-9999.0
20.0,13.0,-9999.0
20.0,14.0,-9999.0
20.0,15.0,-9999.0
20.0,16.0,-9999.0
20.0,17.0,-9999.0
20.0,18.0,-9999.0
20.0,19.0,-9999.0
20.0,20.0,-9999.0
20.0,21.0,-9999.0
20.0,22.0,-9999.0
20.0,23.0,-9999.0
20.0,24.0,-0.75757163
20.0,25.0,-0.66920402
20.0,26.0,-0.57739132
20.0,27.0,-0.42288127
20.0,28.0,-0.20466423
20.0,29.0,-0.13921942
20.0,30.0,-0.30227388
20.0,31.0,-0.14816752
20.0,32.0,1.2350532
20.0,33.0,3.556873
20.0,34.0,0.22639003
20.0,35.0,-1.0268976
20.0,36.0,-1.6462226
20.0,37.0,-1.7172976
20.0,38.0,-2.7125678
20.0,39.0,-2.8887616
20.0,40.0,-1.3217302
20.0,41.0,-2.5426171
20.0,42.0,-4.6948307
20.0,43.0,-6.0442846
20.0,44.0,-7.4920266
20.0,45.0,-6.3477854
20.0,46.0,-6.207541
20.0,47.0,-6.4336792
20.0,48.0,-6.5738283
20.0,49.0,-6.5330861
20.0,50.0,-6.6857484
20.0,51.0,-6.8735058
20.0,52.0,-6.8956111
20.0,53.0,-6.9926363
20.0,54.0,-7.167368
20.0,55.0,-7.3941827
20.0,56.0,-7.2932435
20.0,57.0,-7.3003505
20.0,58.0,-7.4837656
20.0,59.0,-7.6855058
20.0,60.0,-7.4485205
20.0,61.0,-7.4114964
20.0,62.0,-7.5354043
20.0,63.0,-7.5571766
20.0,64.0,-7.4949268
20.0,65.0,-7.6220512
20.0,66.0,-7.9640522
20.0,67.0,-7.8087413
20.0,68.0,-7.6745679
20.0,69.0,-7.7610693
20.0,70.0,-7.8993385
20.0,71.0,-7.8093762
20.0,72.0,-7.722436
20.0,73.0,-9999.0
20.0,74.0,-9999.0
20.0,75.0,-9999.0
20.0,76.0,-9999.0
20.0,77.0,-9999.0
20.0,78.0,-9999.0
20.0,79.0,-9999.0
20.0,80.0,-9999.0
20.0,81.0,-9999.0
20.0,82.0,-9999.0
20.0,83.0,-9999.0
20.0,84.0,-9999.0
20.0,85.0,-9999.0
20.0,86.0,-9999.0
20.0,87.0,-9999.0
20.0,88.0,-9999.0
21.0,0.0,-9999.0
21.0,1.0,-9999.0
21.0,2.0,-9999.0
21.0,3.0,-9999.0
21.0,4.0,-9999.0
21.0,5.0,-9999.0
21.0,6.0,-9999.0
21.0,7.0,-9999.0
21.0,8.0,-9999.0
21.0,9.0,-9999.0
21.0,10.0,-9999.0
21.0,11.0,-9999.0
21.0,12.0,-9999.0
21.0,13.0,-9999.0
21.0,14.0,-9999.0
21.0,15.0,-9999.0
21.0,16.0,-9999.0
21.0,17.0,-9999.0
21.0,18.0,-9999.0
21.0,19.0,-9999.0
21.0,20.0,-9999.0
21.0,21.0,-9999.0
21.0,22.0,-9999.0
21.0,23.0,-9999.0
21.0,24.0,-9999.0
21.0,25.0,-0.68891641
21.0,26.0,-0.6318639
21.0,27.0,-0.63162271
21.0,28.0,-0.61462313
21.0,29.0,-0.58213849
21.0,30.0,-0.48034531
21.0,31.0,-0.095109875
21.0,32.0,0.73547791
21.0,33.0,1.0015666
21.0,34.0,-0.14057354
21.0,35.0,-0.37306938
21.0,36.0,-1.4322697
21.0,37.0,-1.9286669
21.0,38.0,-2.5377049
21.0,39.0,-2.8704446
21.0,40.0,-2.6740329
21.0,41.0,-3.301787
21.0,42.0,-4.5215888
21.0,43.0,-5.5413183
21.0,44.0,-6.195246
21.0,45.0,-6.0439289
21.0,46.0,-6.0028883
21.0,47.0,-6.1993174
21.0,48.0,-6.3418681
21.0,49.0,-6.3776216
21.0,50.0,-6.5184353
21.0,51.0,-6.6981132
21.0,52.0,-6.7637745
21.0,53.0,-6.8249755
21.0,54.0,-6.9664474
21.0,55.0,-7.1240399
21.0,56.0,-7.1083372
21.0,57.0,-7.1311754
21.0,58.0,-7.2685845
21.0,59.0,-7.3731447
21.0,60.0,-7.2783666
21.0,61.0,-7.2572437
21.0,62.0,-7.3403818
21.0,63.0,-7.3602692
21.0,64.0,-7.3131669
21.0,65.0,-7.3877627
21.0,66.0,-7.5671113
21.0,67.0,-7.5097181
21.0,68.0,-7.4238732
21.0,69.0,-7.4968333
21.0,70.0,-7.6094061
21.0,71.0,-7.5252449
21.0,72.0,-7.4429836
21.0,73.0,-9999.0
21.0,74.0,-9999.0
21.0,75.0,-9999.0
21.0,76.0,-9999.0
21.0,77.0,-9999.0
21.0,78.0,-9999.0
21.0,79.0,-9999.0
21.0,80.0,-9999.0
21.0,81.0,-9999.0
21.0,82.0,-9999.0
21.0,83.0,-9999.0
21.0,84.0,-9999.0
21.0,85.0,-9999.0
21.0,86.0,-9999.0
21.0,87.0,-9999.0
21.0,88.0,-9999.0
22.0,0.0,-9999.0
22.0,1.0,-9999.0
22.0,2.0,-9999.0
22.0,3.0,-9999.0
22.0,4.0,-9999.0
22.0,5.0,-9999.0
22.0,6.0,-9999.0
22.0,7.0,-9999.0
22.0,8.0,-9999.0
22.0,9.0,-9999.0
22.0,10.0,-9999.0
22.0,11.0,-9999.0
22.0,12.0,-9999.0
22.0,13.0,-9999.0
22.0,14.0,-9999.0
22.0,15.0,-9999.0
22.0,16.0,-9999.0
22.0,17.0,-9999.0
22.0,18.0,-9999.0
22.0,19.0,-9999.0
22.0,20.0,-9999.0
22.0,21.0,-9999.0
22.0,22.0,-9999.0
22.0,23.0,-9999.0
22.0,24.0,-9999.0
22.0,25.0,-0.18445056
22.0,26.0,-0.18875019
22.0,27.0,-0.49552746
22.0,28.0,-0.68500248
22.0,29.0,-0.68723842
22.0,30.0,-0.49236446
22.0,31.0,-0.02714192
22.0,32.0,0.69913251
22.0,33.0,1.8818969
22.0,34.0,2.7354322
22.0,35.0,0.12269628
22.0,36.0,-0.99491622
22.0,37.0,-1.6183164
22.0,38.0,-2.3034902
22.0,39.0,-2.8765935
22.0,40.0,-3.247826
22.0,41.0,-3.688218
22.0,42.0,-4.3315698
22.0,43.0,-4.9611484
22.0,44.0,-5.3614223
22.0,45.0,-5.5454696
22.0,46.0,-5.7223581
22.0,47.0,-5.9529388
22.0,48.0,-6.1175073
22.0,49.0,-6.2124142
22.0,50.0,-6.3514025
22.0,51.0,-6.5071117
22.0,52.0,-6.5942948
22.0,53.0,-6.6510313
22.0,54.0,-6.7297015
22.0,55.0,-6.8026821
22.0,56.0,-6.8595299
22.0,57.0,-6.9323072
22.0,58.0,-7.0217447
22.0,59.0,-7.073537
22.0,60.0,-7.0667335
22.0,61.0,-7.0579214
22.0,62.0,-7.0675612
22.0,63.0,-7.0707151
22.0,64.0,-7.0594021
22.0,65.0,-7.0440292
22.0,66.0,-7.0314369
22.0,67.0,-7.0478672
22.0,68.0,-7.0700055
22.0,69.0,-7.0596409
22.0,70.0,-7.0460002
22.0,71.0,-7.0871355
22.0,72.0,-7.1311044
22.0,73.0,-7.14384
22.0,74.0,-9999.0
22.0,75.0,-9999.0
22.0,76.0,-9999.0
22.0,77.0,-9999.0
22.0,78.0,-9999.0
22.0,79.0,-9999.0
22.0,80.0,-9999.0
22.0,81.0,-9999.0
22.0,82.0,-9999.0
22.0,83.0,-9999.0
22.0,84.0,-9999.0
22.0,85.0,-9999.0
22.0,86.0,-9999.0
22.0,87.0,-9999.0
22.0,88.0,-9999.0
23.0,0.0,-9999.0
23.0,1.0,-9999.0
23.0,2.0,-9999.0
23.0,3.0,-9999.0
23.0,4.0,-9999.0
23.0,5.0,-9999.0
23.0,6.0,-9999.0
23.0,7.0,-9999.0
23.0,8.0,-9999.0
23.0,9.0,-9999.0
23.0,10.0,-9999.0
23.0,11.0,-9999.0
23.0,12.0,-9999.0
23.0,13.0,-9999.0
23.0,14.0,-9999.0
23.0,15.0,-9999.0
23.0,16.0,-9999.0
23.0,17.0,-9999.0
23.0,18.0,-9999.0
23.0,19.0,-9999.0
23.0,20.0,-9999.0
23.0,21.0,-9999.0
23.0,22.0,-9999.0
23.0,23.0,-9999.0
23.0,24.0,-9999.0
23.0,25.0,-9999.0
23.0,26.0,1.1192864
23.0,27.0,-0.04097675
23.0,28.0,-0.57528167
23.0,29.0,-0.64912889
23.0,30.0,-0.41696748
23.0,31.0,0.2156643
23.0,32.0,1.4954764
23.0,33.0,2.455286
23.0,34.0,1.2918985
23.0,35.0,0.040664659
23.0,36.0,-0.23159496
23.0,37.0,-0.44530335
23.0,38.0,-1.834905
23.0,39.0,-2.7666774
23.0,40.0,-3.2369025
23.0,41.0,-3.5100056
23.0,42.0,-4.0645544
23.0,43.0,-4.7045281
23.0,44.0,-5.1388648
23.0,45.0,-5.2200101
23.0,46.0,-5.5002856
23.0,47.0,-6.0157235
23.0,48.0,-6.2859655
23.0,49.0,-6.1304148
23.0,50.0,-6.2667996
23.0,51.0,-6.5983689
23.0,52.0,-6.6232844
23.0,53.0,-6.5278085
23.0,54.0,-6.5648197
23.0,55.0,-6.6107085
23.0,56.0,-6.6667865
23.0,57.0,-6.7752123
23.0,58.0,-6.9317513
23.0,59.0,-7.0337189
23.0,60.0,-6.9382951
23.0,61.0,-6.889019
23.0,62.0,-6.8847547
23.0,63.0,-6.8780305
23.0,64.0,-6.8305738
23.0,65.0,-6.7028534
23.0,66.0,-6.4577094
23.0,67.0,-6.5728231
23.0,68.0,-6.7258696
23.0,69.0,-6.5793515
23.0,70.0,-6.3218508
23.0,71.0,-6.6119605
23.0,72.0,-6.8443267
23.0,73.0,-6.9277897
23.0,74.0,-6.9586707
23.0,75.0,-9999.0
23.0,76.0,-9999.0
23.0,77.0,-9999.0
23.0,78.0,-9999.0
23.0,79.0,-9999.0
23.0,80.0,-9999.0
23.0,81.0,-9999.0
23.0,82.0,-9999.0
23.0,83.0,-9999.0
23.0,84.0,-9999.0
23.0,85.0,-9999.0
23.0,86.0,-9999.0
23.0,87.0,-9999.0
23.0,88.0,-9999.0
24.0,0.0,-9999.0
24.0,1.0,-9999.0
24.0,2.0,-9999.0
24.0,3.0,-9999.0
24.0,4.0,-9999.0
24.0,5.0,-9999.0
24.0,6.0,-9999.0
24.0,7.0,-9999.0
24.0,8.0,-9999.0
24.0,9.0,-9999.0
24.0,10.0,-9999.0
24.0,11.0,-9999.0
24.0,12.0,-9999.0
24.0,13.0,-9999.0
24.0,14.0,-9999.0
24.0,15.0,-9999.0
24.0,16.0,-9999.0
24.0,17.0,-9999.0
24.0,18.0,-9999.0
24.0,19.0,-9999.0
24.0,20.0,-9999.0
24.0,21.0,-9999.0
24.0,22.0,-9999.0
24.0,23.0,-9999.0
24.0,24.0,-9999.0
24.0,25.0,-9999.0
24.0,26.0,1.8625253
24.0,27.0,0.21587931
24.0,28.0,-0.44141722
24.0,29.0,-0.53470297
24.0,30.0,-0.33024294
24.0,31.0,0.34357031
24.0,32.0,2.215493
24.0,33.0,4.2612189
24.0,34.0,1.3288221
24.0,35.0,-0.087886649
24.0,36.0,0.34663219
24.0,37.0,0.49259461
24.0,38.0,-1.5298223
24.0,39.0,-2.6283182
24.0,40.0,-3.240965
24.0,41.0,-3.3017595
24.0,42.0,-3.7436786
24.0,43.0,-4.5375838
24.0,44.0,-5.3392828
24.0,45.0,-5.0009094
24.0,46.0,-5.2559263
24.0,47.0,-6.1228529
24.0,48.0,-6.6052227
24.0,49.0,-6.0195626
24.0,50.0,-6.1622366
24.0,51.0,-6.7865389
24.0,52.0,-6.7194924
24.0,53.0,-6.4235765
24.0,54.0,-6.4673244
24.0,55.0,-6.5899144
24.0,56.0,-6.5719907
24.0,57.0,-6.6598054
24.0,58.0,-6.9141596
24.0,59.0,-7.1541761
24.0,60.0,-6.8545613
24.0,61.0,-6.7563177
24.0,62.0,-6.8323739
24.0,63.0,-6.8385947
24.0,64.0,-6.6666578
24.0,65.0,-6.4920141
24.0,66.0,-6.1624641
24.0,67.0,-6.3328261
24.0,68.0,-6.524442
24.0,69.0,-6.3431871
24.0,70.0,-5.9422771
24.0,71.0,-6.389171
24.0,72.0,-6.6691951
24.0,73.0,-6.7637287
24.0,74.0,-6.8132475
24.0,75.0,-9999.0
24.0,76.0,-9999.0
24.0,77.0,-9999.0
24.0,78.0,-9999.0
24.0,79.0,-9999.0
24.0,80.0,-9999.0
24.0,81.0,-9999.0
24.0,82.0,-9999.0
24.0,83.0,-9999.0
24.0,84.0,-9999.0
24.0,85.0,-9999.0
24.0,86.0,-9999.0
24.0,87.0,-9999.0
24.0,88.0,-9999.0
25.0,0.0,-9999.0
25.0,1.0,-9999.0
25.0,2.0,-9999.0
25.0,3.0,-9999.0
25.0,4.0,-9999.0
25.0,5.0,-9999.0
25.0,6.0,-9999.0
25.0,7.0,-9999.0
25.0,8.0,-9999.0
25.0,9.0,-9999.0
25.0,10.0,-9999.0
25.0,11.0,-9999.0
25.0,12.0,-9999.0
25.0,13.0,-9999.0
25.0,14.0,-9999.0
25.0,15.0,-9999.0
25.0,16.0,-9999.0
25.0,17.0,-9999.0
25.0,18.0,-9999.0
25.0,19.0,-9999.0
25.0,20.0,-9999.0
25.0,21.0,-9999.0
25.0,22.0,-9999.0
25.0,23.0,-9999.0
25.0,24.0,-9999.0
25.0,25.0,-9999.0
25.0,26.0,-9999.0
25.0,27.0,-0.045841263
25.0,28.0,-0.27642684
25.0,29.0,-0.23948265
25.0,30.0,-0.18044494
25.0,31.0,0.096708271
25.0,32.0,0.86969493
25.0,33.0,1.3184983
25.0,34.0,0.33895669
25.0,35.0,-0.49424097
25.0,36.0,-0.62947494
25.0,37.0,-0.87186422
25.0,38.0,-1.6791783
25.0,39.0,-2.2698332
25.0,40.0,-2.6362873
25.0,41.0,-2.8305037
25.0,42.0,-3.1915617
25.0,43.0,-3.7716239
25.0,44.0,-4.2668866
25.0,45.0,-4.4301556
25.0,46.0,-4.7725813
25.0,47.0,-5.3057934
25.0,48.0,-5.6141391
25.0,49.0,-5.6373986
25.0,50.0,-5.8650335
25.0,51.0,-6.197174
25.0,52.0,-6.2839766
25.0,53.0,-6.2542491
25.0,54.0,-6.3331325
25.0,55.0,-6.4353896
25.0,56.0,-6.4702988
25.0,57.0,-6.5342009
25.0,58.0,-6.6734826
25.0,59.0,-6.7563699
25.0,60.0,-6.6615451
25.0,61.0,-6.585351
25.0,62.0,-6.5934868
25.0,63.0,-6.5726802
25.0,64.0,-6.47169
25.0,65.0,-6.3754337
25.0,66.0,-6.3068417
25.0,67.0,-6.3483063
25.0,68.0,-6.4440046
25.0,69.0,-6.459096
25.0,70.0,-6.4165057
25.0,71.0,-6.5210088
25.0,72.0,-6.608977
25.0,73.0,-6.6473721
25.0,74.0,-6.696681
25.0,75.0,-6.8038921
25.0,76.0,-9999.0
25.0,77.0,-9999.0
25.0,78.0,-9999.0
25.0,79.0,-9999.0
25.0,80.0,-9999.0
25.0,81.0,-9999.0
25.0,82.0,-9999.0
25.0,83.0,-9999.0
25.0,84.0,-9999.0
25.0,85.0,-9999.0
25.0,86.0,-9999.0
25.0,87.0,-9999.0
25.0,88.0,-9999.0
26.0,0.0,-9999.0
26.0,1.0,-9999.0
26.0,2.0,-9999.0
26.0,3.0,-9999.0
26.0,4.0,-9999.0
26.0,5.0,-9999.0
26.0,6.0,-9999.0
26.0,7.0,-9999.0
26.0,8.0,-9999.0
26.0,9.0,-9999.0
26.0,10.0,-9999.0
26.0,11.0,-9999.0
26.0,12.0,-9999.0
26.0,13.0,-9999.0
26.0,14.0,-9999.0
26.0,15.0,-9999.0
26.0,16.0,-9999.0
26.0,17.0,-9999.0
26.0,18.0,-9999.0
26.0,19.0,-9999.0
26.0,20.0,-9999.0
26.0,21.0,-9999.0
26.0,22.0,-9999.0
26.0,23.0,-9999.0
26.0,24.0,-9999.0
26.0,25.0,-9999.0
26.0,26.0,-9999.0
26.0,27.0,-9999.0
26.0,28.0,0.25120283
26.0,29.0,0.72835411
26.0,30.0,0.4341853
26.0,31.0,-0.036729176
26.0,32.0,-0.1317921
26.0,33.0,-0.21461496
26.0,34.0,-0.59384857
26.0,35.0,-1.0099856
26.0,36.0,-1.2663653
26.0,37.0,-1.4837973
26.0,38.0,-1.6752441
26.0,39.0,-1.6074782
26.0,40.0,-1.3681229
26.0,41.0,-1.6299047
26.0,42.0,-2.2410964
26.0,43.0,-2.7298418
26.0,44.0,-3.0495075
26.0,45.0,-3.5659696
26.0,46.0,-4.1450427
26.0,47.0,-4.549753
26.0,48.0,-4.819222
26.0,49.0,-5.1704598
26.0,50.0,-5.5878486
26.0,51.0,-5.9640565
26.0,52.0,-6.0960357
26.0,53.0,-6.1224486
26.0,54.0,-6.2720491
26.0,55.0,-6.4511373
26.0,56.0,-6.4468498
26.0,57.0,-6.4470788
26.0,58.0,-6.5791212
26.0,59.0,-6.6598194
26.0,60.0,-6.5340237
26.0,61.0,-6.3961635
26.0,62.0,-6.3198954
26.0,63.0,-6.2832277
26.0,64.0,-6.2411869
26.0,65.0,-6.1566867
26.0,66.0,-6.0770225
26.0,67.0,-6.1600215
26.0,68.0,-6.3732593
26.0,69.0,-6.6192712
26.0,70.0,-6.7785611
26.0,71.0,-6.7010721
26.0,72.0,-6.5909856
26.0,73.0,-6.5519125
26.0,74.0,-6.5879426
26.0,75.0,-6.7639637
26.0,76.0,-7.1915609
26.0,77.0,-9999.0
26.0,78.0,-9999.0
26.0,79.0,-9999.0
26.0,80.0,-9999.0
26.0,81.0,-9999.0
26.0,82.0,-9999.0
26.0,83.0,-9999.0
26.0,84.0,-9999.0
26.0,85.0,-9999.0
26.0,86.0,-9999.0
26.0,87.0,-9999.0
26.0,88.0,-9999.0
27.0,0.0,-9999.0
27.0,1.0,-9999.0
27.0,2.0,-9999.0
27.0,3.0,-9999.0
27.0,4.0,-9999.0
27.0,5.0,-9999.0
27.0,6.0,-9999.0
27.0,7.0,-9999.0
27.0,8.0,-9999.0
27.0,9.0,-9999.0
27.0,10.0,-9999.0
27.0,11.0,-9999.0
27.0,12.0,-9999.0
27.0,13.0,-9999.0
27.0,14.0,-9999.0
27.0,15.0,-9999.0
27.0,16.0,-9999.0
27.0,17.0,-9999.0
27.0,18.0,-9999.0
27.0,19.0,-9999.0
27.0,20.0,-9999.0
27.0,21.0,-9999.0
27.0,22.0,-9999.0
27.0,23.0,-9999.0
27.0,24.0,-9999.0
27.0,25.0,-9999.0
27.0,26.0,-9999.0
27.0,27.0,-9999.0
27.0,28.0,-9999.0
27.0,29.0,2.9046303
27.0,30.0,1.8066143
27.0,31.0,0.13880233
27.0,32.0,-0.56165432
27.0,33.0,-0.88370124
27.0,34.0,-1.1582521
27.0,35.0,-1.4086392
27.0,36.0,-1.581484
27.0,37.0,-1.6417614
27.0,38.0,-1.4602293
27.0,39.0,-0.65840079
27.0,40.0,1.0240283
27.0,41.0,0.3176431
27.0,42.0,-0.97780257
27.0,43.0,-1.6752847
27.0,44.0,-1.527511
27.0,45.0,-2.5789454
27.0,46.0,-3.6019633
27.0,47.0,-4.0380426
27.0,48.0,-4.1193122
27.0,49.0,-4.7504046
27.0,50.0,-5.4925426
27.0,51.0,-6.4776188
27.0,52.0,-6.4381635
27.0,53.0,-6.0724462
27.0,54.0,-6.39842
27.0,55.0,-7.1641675
27.0,56.0,-6.6828181
27.0,57.0,-6.411546
27.0,58.0,-6.8210728
27.0,59.0,-7.2835255
27.0,60.0,-6.593816
27.0,61.0,-6.2378862
27.0,62.0,-6.1215343
27.0,63.0,-6.0987677
27.0,64.0,-6.0457109
27.0,65.0,-5.8845286
27.0,66.0,-5.5343123
27.0,67.0,-5.7739366
27.0,68.0,-6.2889788
27.0,69.0,-6.9538553
27.0,70.0,-7.6266077
27.0,71.0,-6.9892812
27.0,72.0,-6.5641868
27.0,73.0,-6.4793096
27.0,74.0,-6.4980383
27.0,75.0,-6.6875
27.0,76.0,-7.5114454
27.0,77.0,-9.0966694
27.0,78.0,-9999.0
27.0,79.0,-9999.0
27.0,80.0,-9999.0
27.0,81.0,-9999.0
27.0,82.0,-9999.0
27.0,83.0,-9999.0
27.0,84.0,-9999.0
27.0,85.0,-9999.0
27.0,86.0,-9999.0
27.0,87.0,-9999.0
27.0,88.0,-9999.0
28.0,0.0,-9999.0
28.0,1.0,-9999.0
28.0,2.0,-9999.0
28.0,3.0,-9999.0
28.0,4.0,-9999.0
28.0,5.0,-9999.0
28.0,6.0,-9999.0
28.0,7.0,-9999.0
28.0,8.0,-9999.0
28.0,9.0,-9999.0
28.0,10.0,-9999.0
28.0,11.0,-9999.0
28.0,12.0,-9999.0
28.0,13.0,-9999.0
28.0,14.0,-9999.0
28.0,15.0,-9999.0
28.0,16.0,-9999.0
28.0,17.0,-9999.0
28.0,18.0,-9999.0
28.0,19.0,-9999.0
28.0,20.0,-9999.0
28.0,21.0,-9999.0
28.0,22.0,-9999.0
28.0,23.0,-9999.0
28.0,24.0,-9999.0
28.0,25.0,-9999.0
28.0,26.0,-9999.0
28.0,27.0,-9999.0
28.0,28.0,-9999.0
28.0,29.0,-9999.0
28.0,30.0,-9999.0
28.0,31.0,-9999.0
28.0,32.0,-9999.0
28.0,33.0,-9999.0
28.0,34.0,-9999.0
28.0,35.0,-9999.0
28.0,36.0,-9999.0
28.0,37.0,-9999.0
28.0,38.0,-9999.0
28.0,39.0,-9999.0
28.0,40.0,-9999.0
28.0,41.0,1.2940318
28.0,42.0,1.0642219
28.0,43.0,-0.85790882
28.0,44.0,-1.3100616
28.0,45.0,-2.2043404
28.0,46.0,-3.2406978
28.0,47.0,-3.8427439
28.0,48.0,-4.000153
28.0,49.0,-4.5167264
28.0,50.0,-5.2844394
28.0,51.0,-6.4312681
28.0,52.0,-6.3575696
28.0,53.0,-5.8739644
28.0,54.0,-6.234984
28.0,55.0,-7.1573717
28.0,56.0,-6.5539023
28.0,57.0,-6.2155007
28.0,58.0,-6.7054218
28.0,59.0,-7.2745477
28.0,60.0,-6.4431842
28.0,61.0,-6.0620683
28.0,62.0,-6.0317684
28.0,63.0,-6.0233494
28.0,64.0,-5.8946284
28.0,65.0,-5.7497013
28.0,66.0,-5.4668537
28.0,67.0,-5.684743
28.0,68.0,-6.1867885
28.0,69.0,-6.9041427
28.0,70.0,-7.6521374
28.0,71.0,-6.9214185
28.0,72.0,-6.4432564
28.0,73.0,-6.3981574
28.0,74.0,-6.4418261
28.0,75.0,-6.5125712
28.0,76.0,-7.2895119
28.0,77.0,-9.036734
28.0,78.0,-8.6951421
28.0,79.0,-9999.0
28.0,80.0,-9999.0
28.0,81.0,-9999.0
28.0,82.0,-9999.0
28.0,83.0,-9999.0
28.0,84.0,-9999.0
28.0,85.0,-9999.0
28.0,86.0,-9999.0
28.0,87.0,-9999.0
28.0,88.0,-9999.0
29.0,0.0,-9999.0
29.0,1.0,-9999.0
29.0,2.0,-9999.0
29.0,3.0,-9999.0
29.0,4.0,-9999.0
29.0,5.0,-9999.0
29.0,6.0,-9999.0
29.0,7.0,-9999.0
29.0,8.0,-9999.0
29.0,9.0,-9999.0
29.0,10.0,-9999.0
29.0,11.0,-9999.0
29.0,12.0,-9999.0
29.0,13.0,-9999.0
29.0,14.0,-9999.0
29.0,15.0,-9999.0
29.0,16.0,-9999.0
29.0,17.0,-9999.0
29.0,18.0,-9999.0
29.0,19.0,-9999.0
29.0,20.0,-9999.0
29.0,21.0,-9999.0
29.0,22.0,-9999.0
29.0,23.0,-9999.0
29.0,24.0,-9999.0
29.0,25.0,-9999.0
29.0,26.0,-9999.0
29.0,27.0,-9999.0
29.0,28.0,-9999.0
29.0,29.0,-9999.0
29.0,30.0,-9999.0
29.0,31.0,-9999.0
29.0,32.0,-9999.0
29.0,33.0,-9999.0
29.0,34.0,-9999.0
29.0,35.0,-9999.0
29.0,36.0,-9999.0
29.0,37.0,-9999.0
29.0,38.0,-9999.0
29.0,39.0,-9999.0
29.0,40.0,-9999.0
29.0,41.0,-9999.0
29.0,42.0,3.6100763
29.0,43.0,-6.9677094e-05
29.0,44.0,-1.2632139
29.0,45.0,-2.0371872
29.0,46.0,-2.8936789
29.0,47.0,-3.5532246
29.0,48.0,-3.9432155
29.0,49.0,-4.3216813
29.0,50.0,-4.8213402
29.0,51.0,-5.3114086
29.0,52.0,-5.4478191
29.0,53.0,-5.4160311
29.0,54.0,-5.5770094
29.0,55.0,-5.8109987
29.0,56.0,-5.7753051
29.0,57.0,-5.7581898
29.0,58.0,-5.9482406
29.0,59.0,-6.0776146
29.0,60.0,-5.9136137
29.0,61.0,-5.7778723
29.0,62.0,-5.7607457
29.0,63.0,-5.7506267
29.0,64.0,-5.7049906
29.0,65.0,-5.6712654
29.0,66.0,-5.6650748
29.0,67.0,-5.7769649
29.0,68.0,-6.0343787
29.0,69.0,-6.37815
29.0,70.0,-6.58973
29.0,71.0,-6.4195619
29.0,72.0,-6.1685148
29.0,73.0,-6.0512762
29.0,74.0,-6.0336433
29.0,75.0,-6.0855811
29.0,76.0,-6.3597232
29.0,77.0,-6.7993463
29.0,78.0,-6.7604217
29.0,79.0,-6.3672097
29.0,80.0,-6.1170461
29.0,81.0,-9999.0
29.0,82.0,-9999.0
29.0,83.0,-9999.0
29.0,84.0,-9999.0
29.0,85.0,-9999.0
29.0,86.0,-9999.0
29.0,87.0,-9999.0
29.0,88.0,-9999.0
30.0,0.0,-9999.0
30.0,1.0,-9999.0
30.0,2.0,-9999.0
30.0,3.0,-9999.0
30.0,4.0,-9999.0
30.0,5.0,-9999.0
30.0,6.0,-9999.0
30.0,7.0,-9999.0
30.0,8.0,-9999.0
30.0,9.0,-9999.0
30.0,10.0,-9999.0
30.0,11.0,-9999.0
30.0,12.0,-9999.0
30.0,13.0,-9999.0
30.0,14.0,-9999.0
30.0,15.0,-9999.0
30.0,16.0,-9999.0
30.0,17.0,-9999.0
30.0,18.0,-9999.0
30.0,19.0,-9999.0
30.0,20.0,-9999.0
30.0,21.0,-9999.0
30.0,22.0,-9999.0
30.0,23.0,-9999.0
30.0,24.0,-9999.0
30.0,25.0,-9999.0
30.0,26.0,-9999.0
30.0,27.0,-9999.0
30.0,28.0,-9999.0
30.0,29.0,-9999.0
30.0,30.0,-9999.0
30.0,31.0,-9999.0
30.0,32.0,-9999.0
30.0,33.0,-9999.0
30.0,34.0,-9999.0
30.0,35.0,-9999.0
30.0,36.0,-9999.0
30.0,37.0,-9999.0
30.0,38.0,-9999.0
30.0,39.0,-9999.0
30.0,40.0,-9999.0
30.0,41.0,-9999.0
30.0,42.0,-9999.0
30.0,43.0,0.14583944
30.0,44.0,-0.088591738
30.0,45.0,-1.1750701
30.0,46.0,-2.4727316
30.0,47.0,-3.3762917
30.0,48.0,-3.8117879
30.0,49.0,-4.0624635
30.0,50.0,-4.468303
30.0,51.0,-4.8903606
30.0,52.0,-5.0039397
30.0,53.0,-4.9610561
30.0,54.0,-4.9775508
30.0,55.0,-4.9989919
30.0,56.0,-5.1082226
30.0,57.0,-5.2645419
30.0,58.0,-5.4178497
30.0,59.0,-5.4942227
30.0,60.0,-5.4763168
30.0,61.0,-5.4582228
30.0,62.0,-5.4842039
30.0,63.0,-5.4980251
30.0,64.0,-5.4940068
30.0,65.0,-5.5160911
30.0,66.0,-5.5589443
30.0,67.0,-5.6568096
30.0,68.0,-5.8695492
30.0,69.0,-6.1613922
30.0,70.0,-6.3349214
30.0,71.0,-6.1572432
30.0,72.0,-5.8335668
30.0,73.0,-5.4826477
30.0,74.0,-5.3525803
30.0,75.0,-5.4809841
30.0,76.0,-5.3731086
30.0,77.0,-4.9484392
30.0,78.0,-5.0530418
30.0,79.0,-5.500222
30.0,80.0,-5.595285
30.0,81.0,-5.5313021
30.0,82.0,-5.8586308
30.0,83.0,-9999.0
30.0,84.0,-9999.0
30.0,85.0,-9999.0
30.0,86.0,-9999.0
30.0,87.0,-9999.0
30.0,88.0,-9999.0
31.0,0.0,-9999.0
31.0,1.0,-9999.0
31.0,2.0,-9999.0
31.0,3.0,-9999.0
31.0,4.0,-9999.0
31.0,5.0,-9999.0
31.0,6.0,-9999.0
31.0,7.0,-9999.0
31.0,8.0,-9999.0
31.0,9.0,-9999.0
31.0,10.0,-9999.0
31.0,11.0,-9999.0
31.0,12.0,-9999.0
31.0,13.0,-9999.0
31.0,14.0,-9999.0
31.0,15.0,-9999.0
31.0,16.0,-9999.0
31.0,17.0,-9999.0
31.0,18.0,-9999.0
31.0,19.0,-9999.0
31.0,20.0,-9999.0
31.0,21.0,-9999.0
31.0,22.0,-9999.0
31.0,23.0,-9999.0
31.0,24.0,-9999.0
31.0,25.0,-9999.0
31.0,26.0,-9999.0
31.0,27.0,-9999.0
31.0,28.0,-9999.0
31.0,29.0,-9999.0
31.0,30.0,-9999.0
31.0,31.0,-9999.0
31.0,32.0,-9999.0
31.0,33.0,-9999.0
31.0,34.0,-9999.0
31.0,35.0,-9999.0
31.0,36.0,-9999.0
31.0,37.0,-9999.0
31.0,38.0,-9999.0
31.0,39.0,-9999.0
31.0,40.0,-9999.0
31.0,41.0,-9999.0
31.0,42.0,-9999.0
31.0,43.0,0.85587566
31.0,44.0,2.8789622
31.0,45.0,0.21295927
31.0,46.0,-2.097897
31.0,47.0,-3.6585122
31.0,48.0,-4.2091828
31.0,49.0,-3.8313954
31.0,50.0,-4.2614684
31.0,51.0,-5.3275379
31.0,52.0,-5.2079654
31.0,53.0,-4.6256265
31.0,54.0,-4.5710761
31.0,55.0,-4.6024174
31.0,56.0,-4.6734685
31.0,57.0,-4.8785312
31.0,58.0,-5.244174
31.0,59.0,-5.5356299
31.0,60.0,-5.2245165
31.0,61.0,-5.1918411
31.0,62.0,-5.4456273
31.0,63.0,-5.4854362
31.0,64.0,-5.3062542
31.0,65.0,-5.36135
31.0,66.0,-5.4858023
31.0,67.0,-5.513719
31.0,68.0,-5.7320926
31.0,69.0,-6.2696087
31.0,70.0,-6.908991
31.0,71.0,-6.2009986
31.0,72.0,-5.5606917
31.0,73.0,-4.8337844
31.0,74.0,-4.567019
31.0,75.0,-5.0211954
31.0,76.0,-4.6584473
31.0,77.0,-3.17159
31.0,78.0,-3.5809251
31.0,79.0,-4.9594422
31.0,80.0,-5.2414898
31.0,81.0,-4.8646428
31.0,82.0,-5.465628
31.0,83.0,-6.5657275
31.0,84.0,-7.7387714
31.0,85.0,-9999.0
31.0,86.0,-9999.0
31.0,87.0,-9999.0
31.0,88.0,-9999.0
32.0,0.0,-9999.0
32.0,1.0,-9999.0
32.0,2.0,-9999.0
32.0,3.0,-9999.0
32.0,4.0,-9999.0
32.0,5.0,-9999.0
32.0,6.0,-9999.0
32.0,7.0,-9999.0
32.0,8.0,-9999.0
32.0,9.0,-9999.0
32.0,10.0,-9999.0
32.0,11.0,-9999.0
32.0,12.0,-9999.0
32.0,13.0,-9999.0
32.0,14.0,-9999.0
32.0,15.0,-9999.0
32.0,16.0,-9999.0
32.0,17.0,-9999.0
32.0,18.0,-9999.0
32.0,19.0,-9999.0
32.0,20.0,-9999.0
32.0,21.0,-9999.0
32.0,22.0,-9999.0
32.0,23.0,-9999.0
32.0,24.0,-9999.0
32.0,25.0,-9999.0
32.0,26.0,-9999.0
32.0,27.0,-9999.0
32.0,28.0,-9999.0
32.0,29.0,-9999.0
32.0,30.0,-9999.0
32.0,31.0,-9999.0
32.0,32.0,-9999.0
32.0,33.0,-9999.0
32.0,34.0,-9999.0
32.0,35.0,-9999.0
32.0,36.0,-9999.0
32.0,37.0,-9999.0
32.0,38.0,-9999.0
32.0,39.0,-9999.0
32.0,40.0,-9999.0
32.0,41.0,-9999.0
32.0,42.0,-9999.0
32.0,43.0,0.51767433
32.0,44.0,1.6124564
32.0,45.0,0.012000607
32.0,46.0,-1.7286397
32.0,47.0,-3.0598399
32.0,48.0,-3.5955559
32.0,49.0,-3.3197115
32.0,50.0,-3.7102233
32.0,51.0,-4.6262477
32.0,52.0,-4.5941642
32.0,53.0,-4.1276087
32.0,54.0,-4.1688133
32.0,55.0,-4.3880939
32.0,56.0,-4.3550654
32.0,57.0,-4.4689297
32.0,58.0,-4.8533647
32.0,59.0,-5.1483776
32.0,60.0,-4.8569874
32.0,61.0,-4.8246418
32.0,62.0,-5.1185227
32.0,63.0,-5.1841711
32.0,64.0,-5.024821
32.0,65.0,-5.142269
32.0,66.0,-5.3538291
32.0,67.0,-5.3857296
32.0,68.0,-5.5372303
32.0,69.0,-5.9797711
32.0,70.0,-6.42366
32.0,71.0,-5.9177407
32.0,72.0,-5.3806402
32.0,73.0,-4.8981994
32.0,74.0,-4.7318459
32.0,75.0,-4.8979577
32.0,76.0,-4.6158185
32.0,77.0,-3.7511614
32.0,78.0,-4.0019233
32.0,79.0,-4.9552639
32.0,80.0,-5.2864379
32.0,81.0,-5.164256
32.0,82.0,-5.6758498
32.0,83.0,-6.6228638
32.0,84.0,-7.578049
32.0,85.0,-7.9688641
32.0,86.0,-9999.0
32.0,87.0,-9999.0
32.0,88.0,-9999.0
33.0,0.0,-9999.0
33.0,1.0,-9999.0
33.0,2.0,-9999.0
33.0,3.0,-9999.0
33.0,4.0,-9999.0
33.0,5.0,-9999.0
33.0,6.0,-9999.0
33.0,7.0,-9999.0
33.0,8.0,-9999.0
33.0,9.0,-9999.0
33.0,10.0,-9999.0
33.0,11.0,-9999.0
33.0,12.0,-9999.0
33.0,13.0,-9999.0
33.0,14.0,-9999.0
33.0,15.0,-9999.0
33.0,16.0,-9999.0
33.0,17.0,-9999.0
33.0,18.0,-9999.0
33.0,19.0,-9999.0
33.0,20.0,-9999.0
33.0,21.0,-9999.0
33.0,22.0,-9999.0
33.0,23.0,-9999.0
33.0,24.0,-9999.0
33.0,25.0,-9999.0
33.0,26.0,-9999.0
33.0,27.0,-9999.0
33.0,28.0,-9999.0
33.0,29.0,-9999.0
33.0,30.0,-9999.0
33.0,31.0,-9999.0
33.0,32.0,-9999.0
33.0,33.0,-9999.0
33.0,34.0,-9999.0
33.0,35.0,-9999.0
33.0,36.0,-9999.0
33.0,37.0,-9999.0
33.0,38.0,-9999.0
33.0,39.0,-9999.0
33.0,40.0,-9999.0
33.0,41.0,-9999.0
33.0,42.0,-9999.0
33.0,43.0,-9999.0
33.0,44.0,0.15354307
33.0,45.0,-0.36934482
33.0,46.0,-1.1064679
33.0,47.0,-1.5645443
33.0,48.0,-1.8630084
33.0,49.0,-2.2319971
33.0,50.0,-2.6423452
33.0,51.0,-2.9409743
33.0,52.0,-3.1157457
33.0,53.0,-3.2780128
33.0,54.0,-3.4372287
33.0,55.0,-3.5566335
33.0,56.0,-3.6822375
33.0,57.0,-3.8679473
33.0,58.0,-4.0625271
33.0,59.0,-4.1773456
33.0,60.0,-4.1918694
33.0,61.0,-4.2028303
33.0,62.0,-4.2446983
33.0,63.0,-4.335112
33.0,64.0,-4.5186749
33.0,65.0,-4.7704852
33.0,66.0,-4.9770684
33.0,67.0,-5.1000775
33.0,68.0,-5.2403267
33.0,69.0,-5.4300748
33.0,70.0,-5.532164
33.0,71.0,-5.4046562
33.0,72.0,-5.1497667
33.0,73.0,-4.9029066
33.0,74.0,-4.8059338
33.0,75.0,-4.8400439
33.0,76.0,-4.8036826
33.0,77.0,-4.6973565
33.0,78.0,-4.8220884
33.0,79.0,-5.1884004
33.0,80.0,-5.5207976
33.0,81.0,-5.7573631
33.0,82.0,-6.1304877
33.0,83.0,-6.7905422
33.0,84.0,-7.5240716
33.0,85.0,-7.8787024
33.0,86.0,-7.7785527
33.0,87.0,-9999.0
33.0,88.0,-9999.0
34.0,0.0,-9999.0
34.0,1.0,-9999.0
34.0,2.0,-9999.0
34.0,3.0,-9999.0
34.0,4.0,-9999.0
34.0,5.0,-9999.0
34.0,6.0,-9999.0
34.0,7.0,-9999.0
34.0,8.0,-9999.0
34.0,9.0,-9999.0
34.0,10.0,-9999.0
34.0,11.0,-9999.0
34.0,12.0,-9999.0
34.0,13.0,-9999.0
34.0,14.0,-9999.0
34.0,15.0,-9999.0
34.0,16.0,-9999.0
34.0,17.0,-9999.0
34.0,18.0,-9999.0
34.0,19.0,-9999.0
34.0,20.0,-9999.0
34.0,21.0,-9999.0
34.0,22.0,-9999.0
34.0,23.0,-9999.0
34.0,24.0,-9999.0
34.0,25.0,-9999.0
34.0,26.0,-9999.0
34.0,27.0,-9999.0
34.0,28.0,-9999.0
34.0,29.0,-9999.0
34.0,30.0,-9999.0
34.0,31.0,-9999.0
34.0,32.0,-9999.0
34.0,33.0,-9999.0
34.0,34.0,-9999.0
34.0,35.0,-9999.0
34.0,36.0,-9999.0
34.0,37.0,-9999.0
34.0,38.0,-9999.0
34.0,39.0,-9999.0
34.0,40.0,-9999.0
34.0,41.0,-9999.0
34.0,42.0,-9999.0
34.0,43.0,-9999.0
34.0,44.0,1.3612983
34.0,45.0,0.46509926
34.0,46.0,-0.15715456
34.0,47.0,0.54651004
34.0,48.0,0.84230909
34.0,49.0,-0.71041929
34.0,50.0,-1.4027288
34.0,51.0,-0.96111081
34.0,52.0,-1.2731807
34.0,53.0,-2.2683964
34.0,54.0,-2.5552053
34.0,55.0,-2.39083
34.0,56.0,-2.7517298
34.0,57.0,-3.182328
34.0,58.0,-3.2923852
34.0,59.0,-3.2762738
34.0,60.0,-3.4688688
34.0,61.0,-3.4503993
34.0,62.0,-3.0441495
34.0,63.0,-3.0957659
34.0,64.0,-3.858377
34.0,65.0,-4.4241235
34.0,66.0,-4.7576707
34.0,67.0,-4.8491676
34.0,68.0,-4.9528998
34.0,69.0,-5.0891082
34.0,70.0,-5.1482604
34.0,71.0,-5.0789406
34.0,72.0,-4.8453732
34.0,73.0,-4.4373532
34.0,74.0,-4.2997123
34.0,75.0,-4.6291375
34.0,76.0,-4.8216013
34.0,77.0,-4.8772703
34.0,78.0,-4.9865184
34.0,79.0,-5.3043057
34.0,80.0,-5.7478288
34.0,81.0,-6.1153998
34.0,82.0,-6.35365
34.0,83.0,-7.1052881
34.0,84.0,-8.4834994
34.0,85.0,-9.2140746
34.0,86.0,-8.3913652
34.0,87.0,-7.830968
34.0,88.0,-9999.0
35.0,0.0,-9999.0
35.0,1.0,-9999.0
35.0,2.0,-9999.0
35.0,3.0,-9999.0
35.0,4.0,-9999.0
35.0,5.0,-9999.0
35.0,6.0,-9999.0
35.0,7.0,-9999.0
35.0,8.0,-9999.0
35.0,9.0,-9999.0
35.0,10.0,-9999.0
35.0,11.0,-9999.0
35.0,12.0,-9999.0
35.0,13.0,-9999.0
35.0,14.0,-9999.0
35.0,15.0,-9999.0
35.0,16.0,-9999.0
35.0,17.0,-9999.0
35.0,18.0,-9999.0
35.0,19.0,-9999.0
35.0,20.0,-9999.0
35.0,21.0,-9999.0
35.0,22.0,-9999.0
35.0,23.0,-9999.0
35.0,24.0,-9999.0
35.0,25.0,-9999.0
35.0,26.0,-9999.0
35.0,27.0,-9999.0
35.0,28.0,-9999.0
35.0,29.0,-9999.0
35.0,30.0,-9999.0
35.0,31.0,-9999.0
35.0,32.0,-9999.0
35.0,33.0,-9999.0
35.0,34.0,-9999.0
35.0,35.0,-9999.0
35.0,36.0,-9999.0
35.0,37.0,-9999.0
35.0,38.0,-9999.0
35.0,39.0,-9999.0
35.0,40.0,-9999.0
35.0,41.0,-9999.0
35.0,42.0,-9999.0
35.0,43.0,-9999.0
35.0,44.0,3.4996055
35.0,45.0,1.4580919
35.0,46.0,0.54144217
35.0,47.0,2.5195888
35.0,48.0,3.8690202
35.0,49.0,0.43391574
35.0,50.0,-0.59268277
35.0,51.0,0.877908
35.0,52.0,0.41175344
35.0,53.0,-1.544672
35.0,54.0,-1.9345784
35.0,55.0,-1.4185768
35.0,56.0,-2.0092676
35.0,57.0,-2.6105628
35.0,58.0,-2.8155966
35.0,59.0,-2.8048926
35.0,60.0,-2.9424847
35.0,61.0,-2.8452799
35.0,62.0,-1.9630329
35.0,63.0,-1.8897844
35.0,64.0,-3.3076059
35.0,65.0,-4.2024639
35.0,66.0,-4.9487356
35.0,67.0,-4.7748851
35.0,68.0,-4.7141752
35.0,69.0,-4.9527982
35.0,70.0,-5.199221
35.0,71.0,-4.9476338
35.0,72.0,-4.6078386
35.0,73.0,-3.9132797
35.0,74.0,-3.6268592
35.0,75.0,-4.4146987
35.0,76.0,-4.7674608
35.0,77.0,-4.8160799
35.0,78.0,-4.8885815
35.0,79.0,-5.2842408
35.0,80.0,-5.8746168
35.0,81.0,-6.3963802
35.0,82.0,-6.3709327
35.0,83.0,-7.2534465
35.0,84.0,-9.5705763
35.0,85.0,-10.970284
35.0,86.0,-8.8703878
35.0,87.0,-7.8940443
35.0,88.0,-8.3137862
36.0,0.0,-9999.0
36.0,1.0,-9999.0
36.0,2.0,-9999.0
36.0,3.0,-9999.0
36.0,4.0,-9999.0
36.0,5.0,-9999.0
36.0,6.0,-9999.0
36.0,7.0,-9999.0
36.0,8.0,-9999.0
36.0,9.0,-9999.0
36.0,10.0,-9999.0
36.0,11.0,-9999.0
36.0,12.0,-9999.0
36.0,13.0,-9999.0
36.0,14.0,-9999.0
36.0,15.0,-9999.0
36.0,16.0,-9999.0
36.0,17.0,-9999.0
36.0,18.0,-9999.0
36.0,19.0,-9999.0
36.0,20.0,-9999.0
36.0,21.0,-9999.0
36.0,22.0,-9999.0
36.0,23.0,-9999.0
36.0,24.0,-9999.0
36.0,25.0,-9999.0
36.0,26.0,-9999.0
36.0,27.0,-9999.0
36.0,28.0,-9999.0
36.0,29.0,-9999.0
36.0,30.0,-9999.0
36.0,31.0,-9999.0
36.0,32.0,-9999.0
36.0,33.0,-9999.0
36.0,34.0,-9999.0
36.0,35.0,-9999.0
36.0,36.0,-9999.0
36.0,37.0,-9999.0
36.0,38.0,-9999.0
36.0,39.0,-9999.0
36.0,40.0,-9999.0
36.0,41.0,-9999.0
36.0,42.0,-9999.0
36.0,43.0,-9999.0
36.0,44.0,-9999.0
36.0,45.0,0.82028458
36.0,46.0,0.44721338
36.0,47.0,1.3111052
36.0,48.0,1.6168277
36.0,49.0,0.16295011
36.0,50.0,-0.60804276
36.0,51.0,-0.32547829
36.0,52.0,-0.58781204
36.0,53.0,-1.3826824
36.0,54.0,-1.6214668
36.0,55.0,-1.6030203
36.0,56.0,-1.7573421
36.0,57.0,-2.0279184
36.0,58.0,-2.2772427
36.0,59.0,-2.4380105
36.0,60.0,-2.4191313
36.0,61.0,-2.4150147
36.0,62.0,-2.2467656
36.0,63.0,-2.3586095
36.0,64.0,-3.0237507
36.0,65.0,-3.7062532
36.0,66.0,-4.2676866
36.0,67.0,-4.3106556
36.0,68.0,-4.362559
36.0,69.0,-4.6182736
36.0,70.0,-4.8174765
36.0,71.0,-4.6925915
36.0,72.0,-4.4921858
36.0,73.0,-4.1959832
36.0,74.0,-4.1146626
36.0,75.0,-4.4479737
36.0,76.0,-4.698257
36.0,77.0,-4.8134559
36.0,78.0,-4.9135068
36.0,79.0,-5.1730142
36.0,80.0,-5.5880854
36.0,81.0,-5.9820378
36.0,82.0,-6.1588712
36.0,83.0,-6.8727356
36.0,84.0,-8.3031883
36.0,85.0,-9.0625597
36.0,86.0,-8.0880758
36.0,87.0,-7.451164
36.0,88.0,-7.6298354
37.0,0.0,-9999.0
37.0,1.0,-9999.0
37.0,2.0,-9999.0
37.0,3.0,-9999.0
37.0,4.0,-9999.0
37.0,5.0,-9999.0
37.0,6.0,-9999.0
37.0,7.0,-9999.0
37.0,8.0,-9999.0
37.0,9.0,-9999.0
37.0,10.0,-9999.0
37.0,11.0,-9999.0
37.0,12.0,-9999.0
37.0,13.0,-9999.0
37.0,14.0,-9999.0
37.0,15.0,-9999.0
37.0,16.0,-9999.0
37.0,17.0,-9999.0
37.0,18.0,-9999.0
37.0,19.0,-9999.0
37.0,20.0,-9999.0
37.0,21.0,-9999.0
37.0,22.0,-9999.0
37.0,23.0,-9999.0
37.0,24.0,-9999.0
37.0,25.0,-9999.0
37.0,26.0,-9999.0
37.0,27.0,-9999.0
37.0,28.0,-9999.0
37.0,29.0,-9999.0
37.0,30.0,-9999.0
37.0,31.0,-9999.0
37.0,32.0,-9999.0
37.0,33.0,-9999.0
37.0,34.0,-9999.0
37.0,35.0,-9999.0
37.0,36.0,-9999.0
37.0,37.0,-9999.0
37.0,38.0,-9999.0
37.0,39.0,-9999.0
37.0,40.0,-9999.0
37.0,41.0,-9999.0
37.0,42.0,-9999.0
37.0,43.0,-9999.0
37.0,44.0,-9999.0
37.0,45.0,-9999.0
37.0,46.0,0.21986858
37.0,47.0,0.68343061
37.0,48.0,0.68381624
37.0,49.0,-0.07862286
37.0,50.0,-0.82810474
37.0,51.0,-1.1698081
37.0,52.0,-1.2853842
37.0,53.0,-1.2456782
37.0,54.0,-0.93034246
37.0,55.0,-0.61612344
37.0,56.0,-0.8036798
37.0,57.0,-1.0762805
37.0,58.0,-0.99047736
37.0,59.0,-0.94826716
37.0,60.0,-1.3596545
37.0,61.0,-1.6872775
37.0,62.0,-1.6972571
37.0,63.0,-1.8936403
37.0,64.0,-2.4591605
37.0,65.0,-2.8969185
37.0,66.0,-3.0761114
37.0,67.0,-3.3711577
37.0,68.0,-3.795008
37.0,69.0,-4.076043
37.0,70.0,-4.1974445
37.0,71.0,-4.2956651
37.0,72.0,-4.3266156
37.0,73.0,-4.2666276
37.0,74.0,-4.2753874
37.0,75.0,-4.4252139
37.0,76.0,-4.5550116
37.0,77.0,-4.6008775
37.0,78.0,-4.7048903
37.0,79.0,-4.8932074
37.0,80.0,-5.0201783
37.0,81.0,-5.1247481
37.0,82.0,-5.5072126
37.0,83.0,-6.1829944
37.0,84.0,-6.8300218
37.0,85.0,-7.0939476
37.0,86.0,-6.942651
37.0,87.0,-6.5691873
37.0,88.0,-6.2269609
38.0,0.0,-9999.0
38.0,1.0,-9999.0
38.0,2.0,-9999.0
38.0,3.0,-9999.0
38.0,4.0,-9999.0
38.0,5.0,-9999.0
38.0,6.0,-9999.0
38.0,7.0,-9999.0
38.0,8.0,-9999.0
38.0,9.0,-9999.0
38.0,10.0,-9999.0
38.0,11.0,-9999.0
38.0,12.0,-9999.0
38.0,13.0,-9999.0
38.0,14.0,-9999.0
38.0,15.0,-9999.0
38.0,16.0,-9999.0
38.0,17.0,-9999.0
38.0,18.0,-9999.0
38.0,19.0,-9999.0
38.0,20.0,-9999.0
38.0,21.0,-9999.0
38.0,22.0,-9999.0
38.0,23.0,-9999.0
38.0,24.0,-9999.0
38.0,25.0,-9999.0
38.0,26.0,-9999.0
38.0,27.0,-9999.0
38.0,28.0,-9999.0
38.0,29.0,-9999.0
38.0,30.0,-9999.0
38.0,31.0,-9999.0
38.0,32.0,-9999.0
38.0,33.0,-9999.0
38.0,34.0,-9999.0
38.0,35.0,-9999.0
38.0,36.0,-9999.0
38.0,37.0,-9999.0
38.0,38.0,-9999.0
38.0,39.0,-9999.0
38.0,40.0,-9999.0
38.0,41.0,-9999.0
38.0,42.0,-9999.0
38.0,43.0,-9999.0
38.0,44.0,-9999.0
38.0,45.0,-9999.0
38.0,46.0,-9999.0
38.0,47.0,1.9307524
38.0,48.0,2.4362005
38.0,49.0,0.47872402
38.0,50.0,-0.96883446
38.0,51.0,-1.7622895
38.0,52.0,-1.7089345
38.0,53.0,-0.99462173
38.0,54.0,0.38518389
38.0,55.0,2.1783186
38.0,56.0,1.0464273
38.0,57.0,0.10909291
38.0,58.0,1.142988
38.0,59.0,2.2319997
38.0,60.0,0.26042057
38.0,61.0,-0.71251758
38.0,62.0,-0.031050497
38.0,63.0,-0.075326218
38.0,64.0,-1.5675067
38.0,65.0,-1.9576408
38.0,66.0,-1.2334466
38.0,67.0,-1.924603
38.0,68.0,-3.1631916
38.0,69.0,-3.5510146
38.0,70.0,-3.4597783
38.0,71.0,-3.8421693
38.0,72.0,-4.101016
38.0,73.0,-3.977546
38.0,74.0,-3.9215081
38.0,75.0,-4.2434005
38.0,76.0,-4.3334216
38.0,77.0,-4.0875982
38.0,78.0,-4.2032998
38.0,79.0,-4.5269091
38.0,80.0,-4.2836314
38.0,81.0,-3.690316
38.0,82.0,-4.4670478
38.0,83.0,-5.6034698
38.0,84.0,-6.2124258
38.0,85.0,-6.3287305
38.0,86.0,-6.2657041
38.0,87.0,-5.6922893
38.0,88.0,-4.6170303
39.0,0.0,-9999.0
39.0,1.0,-9999.0
39.0,2.0,-9999.0
39.0,3.0,-9999.0
39.0,4.0,-9999.0
39.0,5.0,-9999.0
39.0,6.0,-9999.0
39.0,7.0,-9999.0
39.0,8.0,-9999.0
39.0,9.0,-9999.0
39.0,10.0,-9999.0
39.0,11.0,-9999.0
39.0,12.0,-9999.0
39.0,13.0,-9999.0
39.0,14.0,-9999.0
39.0,15.0,-9999.0
39.0,16.0,-9999.0
39.0,17.0,-9999.0
39.0,18.0,-9999.0
39.0,19.0,-9999.0
39.0,20.0,-9999.0
39.0,21.0,-9999.0
39.0,22.0,-9999.0
39.0,23.0,-9999.0
39.0,24.0,-9999.0
39.0,25.0,-9999.0
39.0,26.0,-9999.0
39.0,27.0,-9999.0
39.0,28.0,-9999.0
39.0,29.0,-9999.0
39.0,30.0,-9999.0
39.0,31.0,-9999.0
39.0,32.0,-9999.0
39.0,33.0,-9999.0
39.0,34.0,-9999.0
39.0,35.0,-9999.0
39.0,36.0,-9999.0
39.0,37.0,-9999.0
39.0,38.0,-9999.0
39.0,39.0,-9999.0
39.0,40.0,-9999.0
39.0,41.0,-9999.0
39.0,42.0,-9999.0
39.0,43.0,-9999.0
39.0,44.0,-9999.0
39.0,45.0,-9999.0
39.0,46.0,-9999.0
39.0,47.0,-9999.0
39.0,48.0,-9999.0
39.0,49.0,0.83934388
39.0,50.0,-1.0376021
39.0,51.0,-2.0835996
39.0,52.0,-1.9419323
39.0,53.0,-0.79801763
39.0,54.0,1.1433703
39.0,55.0,3.8841798
39.0,56.0,2.0488487
39.0,57.0,0.77038281
39.0,58.0,2.2652071
39.0,59.0,4.0974085
39.0,60.0,1.1175872
39.0,61.0,-0.18862106
39.0,62.0,0.89541769
39.0,63.0,0.98327732
39.0,64.0,-1.0976781
39.0,65.0,-1.5068021
39.0,66.0,-9999.0
39.0,67.0,-9999.0
39.0,68.0,-9999.0
39.0,69.0,-9999.0
39.0,70.0,-9999.0
39.0,71.0,-9999.0
39.0,72.0,-9999.0
39.0,73.0,-9999.0
39.0,74.0,-9999.0
39.0,75.0,-9999.0
39.0,76.0,-9999.0
39.0,77.0,-9999.0
39.0,78.0,-9999.0
39.0,79.0,-9999.0
39.0,80.0,-9999.0
39.0,81.0,-9999.0
39.0,82.0,-9999.0
39.0,83.0,-9999.0
39.0,84.0,-9999.0
39.0,85.0,-9999.0
39.0,86.0,-9999.0
39.0,87.0,-9999.0
39.0,88.0,-9999.0
40.0,0.0,-9999.0
40.0,1.0,-9999.0
40.0,2.0,-9999.0
40.0,3.0,-9999.0
40.0,4.0,-9999.0
40.0,5.0,-9999.0
40.0,6.0,-9999.0
40.0,7.0,-9999.0
40.0,8.0,-9999.0
40.0,9.0,-9999.0
40.0,10.0,-9999.0
40.0,11.0,-9999.0
40.0,12.0,-9999.0
40.0,13.0,-9999.0
40.0,14.0,-9999.0
40.0,15.0,-9999.0
40.0,16.0,-9999.0
40.0,17.0,-9999.0
40.0,18.0,-9999.0
40.0,19.0,-9999.0
40.0,20.0,-9999.0
40.0,21.0,-9999.0
40.0,22.0,-9999.0
40.0,23.0,-9999.0
40.0,24.0,-9999.0
40.0,25.0,-9999.0
40.0,26.0,-9999.0
40.0,27.0,-9999.0
40.0,28.0,-9999.0
40.0,29.0,-9999.0
40.0,30.0,-9999.0
40.0,31.0,-9999.0
40.0,32.0,-9999.0
40.0,33.0,-9999.0
40.0,34.0,-9999.0
40.0,35.0,-9999.0
40.0,36.0,-9999.0
40.0,37.0,-9999.0
40.0,38.0,-9999.0
40.0,39.0,-9999.0
40.0,40.0,-9999.0
40.0,41.0,-9999.0
40.0,42.0,-9999.0
40.0,43.0,-9999.0
40.0,44.0,-9999.0
40.0,45.0,-9999.0
40.0,46.0,-9999.0
40.0,47.0,-9999.0
40.0,48.0,-9999.0
40.0,49.0,-9999.0
40.0,50.0,-9999.0
40.0,51.0,-1.500537
40.0,52.0,-1.3547704
40.0,53.0,-0.55623825
40.0,54.0,0.62928839
40.0,55.0,1.5634898
40.0,56.0,1.2160748
40.0,57.0,0.77794851
40.0,58.0,1.1870007
40.0,59.0,1.4866777
40.0,60.0,0.51897276
40.0,61.0,-0.30033111
40.0,62.0,-0.30047792
40.0,63.0,-0.52261134
40.0,64.0,-9999.0
40.0,65.0,-9999.0
40.0,66.0,-9999.0
40.0,67.0,-9999.0
40.0,68.0,-9999.0
40.0,69.0,-9999.0
40.0,70.0,-9999.0
40.0,71.0,-9999.0
40.0,72.0,-9999.0
40.0,73.0,-9999.0
40.0,74.0,-9999.0
40.0,75.0,-9999.0
40.0,76.0,-9999.0
40.0,77.0,-9999.0
40.0,78.0,-9999.0
40.0,79.0,-9999.0
40.0,80.0,-9999.0
40.0,81.0,-9999.0
40.0,82.0,-9999.0
40.0,83.0,-9999.0
40.0,84.0,-9999.0
40.0,85.0,-9999.0
40.0,86.0,-9999.0
40.0,87.0,-9999.0
40.0,88.0,-9999.0
41.0,0.0,-9999.0
41.0,1.0,-9999.0
41.0,2.0,-9999.0
41.0,3.0,-9999.0
41.0,4.0,-9999.0
41.0,5.0,-9999.0
41.0,6.0,-9999.0
41.0,7.0,-9999.0
41.0,8.0,-9999.0
41.0,9.0,-9999.0
41.0,10.0,-9999.0
41.0,11.0,-9999.0
41.0,12.0,-9999.0
41.0,13.0,-9999.0
41.0,14.0,-9999.0
41.0,15.0,-9999.0
41.0,16.0,-9999.0
41.0,17.0,-9999.0
41.0,18.0,-9999.0
41.0,19.0,-9999.0
41.0,20.0,-9999.0
41.0,21.0,-9999.0
41.0,22.0,-9999.0
41.0,23.0,-9999.0
41.0,24.0,-9999.0
41.0,25.0,-9999.0
41.0,26.0,-9999.0
41.0,27.0,-9999.0
41.0,28.0,-9999.0
41.0,29.0,-9999.0
41.0,30.0,-9999.0
41.0,31.0,-9999.0
41.0,32.0,-9999.0
41.0,33.0,-9999.0
41.0,34.0,-9999.0
41.0,35.0,-9999.0
41.0,36.0,-9999.0
41.0,37.0,-9999.0
41.0,38.0,-9999.0
41.0,39.0,-9999.0
41.0,40.0,-9999.0
41.0,41.0,-9999.0
41.0,42.0,-9999.0
41.0,43.0,-9999.0
41.0,44.0,-9999.0
41.0,45.0,-9999.0
41.0,46.0,-9999.0
41.0,47.0,-9999.0
41.0,48.0,-9999.0
41.0,49.0,-9999.0
41.0,50.0,-9999.0
41.0,51.0,-9999.0
41.0,52.0,-9999.0
41.0,53.0,-0.17629408
41.0,54.0,0.93476665
41.0,55.0,1.7526581
41.0,56.0,1.4593552
41.0,57.0,0.98197448
41.0,58.0,1.1220688
41.0,59.0,1.2010564
41.0,60.0,0.47028038
41.0,61.0,-0.40397059
41.0,62.0,-9999.0
41.0,63.0,-9999.0
41.0,64.0,-9999.0
41.0,65.0,-9999.0
41.0,66.0,-9999.0
41.0,67.0,-9999.0
41.0,68.0,-9999.0
41.0,69.0,-9999.0
41.0,70.0,-9999.0
41.0,71.0,-9999.0
41.0,72.0,-9999.0
41.0,73.0,-9999.0
41.0,74.0,-9999.0
41.0,75.0,-9999.0
41.0,76.0,-9999.0
41.0,77.0,-9999.0
41.0,78.0,-9999.0
41.0,79.0,-9999.0
41.0,80.0,-9999.0
41.0,81.0,-9999.0
41.0,82.0,-9999.0
41.0,83.0,-9999.0
41.0,84.0,-9999.0
41.0,85.0,-9999.0
41.0,86.0,-9999.0
41.0,87.0,-9999.0
41.0,88.0,-9999.0
42.0,0.0,-9999.0
42.0,1.0,-9999.0
42.0,2.0,-9999.0
42.0,3.0,-9999.0
42.0,4.0,-9999.0
42.0,5.0,-9999.0
42.0,6.0,-9999.0
42.0,7.0,-9999.0
42.0,8.0,-9999.0
42.0,9.0,-9999.0
42.0,10.0,-9999.0
42.0,11.0,-9999.0
42.0,12.0,-9999.0
42.0,13.0,-9999.0
42.0,14.0,-9999.0
42.0,15.0,-9999.0
42.0,16.0,-9999.0
42.0,17.0,-9999.0
42.0,18.0,-9999.0
42.0,19.0,-9999.0
42.0,20.0,-9999.0
42.0,21.0,-9999.0
42.0,22.0,-9999.0
42.0,23.0,-9999.0
42.0,24.0,-9999.0
42.0,25.0,-9999.0
42.0,26.0,-9999.0
42.0,27.0,-9999.0
42.0,28.0,-9999.0
42.0,29.0,-9999.0
42.0,30.0,-9999.0
42.0,31.0,-9999.0
42.0,32.0,-9999.0
42.0,33.0,-9999.0
42.0,34.0,-9999.0
42.0,35.0,-9999.0
42.0,36.0,-9999.0
42.0,37.0,-9999.0
42.0,38.0,-9999.0
42.0,39.0,-9999.0
42.0,40.0,-9999.0
42.0,41.0,-9999.0
42.0,42.0,-9999.0
42.0,43.0,-9999.0
42.0,44.0,-9999.0
42.0,45.0,-9999.0
42.0,46.0,-9999.0
42.0,47.0,-9999.0
42.0,48.0,-9999.0
42.0,49.0,-9999.0
42.0,50.0,-9999.0
42.0,51.0,-9999.0
42.0,52.0,-9999.0
42.0,53.0,-9999.0
42.0,54.0,-9999.0
42.0,55.0,4.5995513
42.0,56.0,3.0380839
42.0,57.0,1.516586
42.0,58.0,2.2437624
42.0,59.0,3.1970366
42.0,60.0,-9999.0
42.0,61.0,-9999.0
42.0,62.0,-9999.0
42.0,63.0,-9999.0
42.0,64.0,-9999.0
42.0,65.0,-9999.0
42.0,66.0,-9999.0
42.0,67.0,-9999.0
42.0,68.0,-9999.0
42.0,69.0,-9999.0
42.0,70.0,-9999.0
42.0,71.0,-9999.0
42.0,72.0,-9999.0
42.0,73.0,-9999.0
42.0,74.0,-9999.0
42.0,75.0,-9999.0
42.0,76.0,-9999.0
42.0,77.0,-9999.0
42.0,78.0,-9999.0
42.0,79.0,-9999.0
42.0,80.0,-9999.0
42.0,81.0,-9999.0
42.0,82.0,-9999.0
42.0,83.0,-9999.0
42.0,84.0,-9999.0
42.0,85.0,-9999.0
42.0,86.0,-9999.0
42.0,87.0,-9999.0
42.0,88.0,-9999.0
