-9999.0,-9999.0,-9999.0,-9999.0,-9999.0,-9999.0,-9999.0,-9999.0,-9999.0,-9999.0,-9999.0,-9999.0,-9999.0,-9999.0,-9999.0,-9999.0,-9999.0,-9999.0,-9999.0,-9999.0,-9999.0,-9999.0,-9999.0,-9999.0,-9999.0,-9999.0,-9999.0,-9999.0,-9999.0,-9999.0,-9999.0,-9999.0,-9999.0,-9999.0,-9999.0,-9999.0,-9999.0,-9999.0,-9999.0,-9999.0,-14.792257,-12.955802,-9999.0,-9999.0,-9999.0,-9999.0,-9999.0,-9999.0,-9999.0,-9999.0,-9999.0,-9999.0,-9999.0,-9999.0,-9999.0,-9999.0,-9999.0,-9999.0,-9999.0,-9999.0,-9999.0,-9999.0,-9999.0,-9999.0,-16.050539,-9999.0,-9999.0,-9999.0,-9999.0,-9999.0,-9999.0,-9999.0,-9999.0,-9999.0,-9999.0,-9999.0,-9999.0,-9999.0,-9999.0,-9999.0,-9999.0,-9999.0,-9999.0,-9999.0,-9999.0,-9999.0,-9999.0,-9999.0,-9999.0
-9999.0,-9999.0,-9999.0,-9999.0,-9999.0,-9999.0,-9999.0,-9999.0,-9999.0,-9999.0,-9999.0,-9999.0,-9999.0,-9999.0,-9999.0,-9999.0,-9999.0,-9999.0,-9999.0,-8.4258263,-9.0927514,-10.100065,-10.641834,-9.0999818,-9.1111743,-9999.0,-9999.0,-9999.0,-9999.0,-9999.0,-9999.0,-9999.0,-9999.0,-9999.0,-9999.0,-9999.0,-9999.0,-9999.0,-10.420424,-11.135427,-11.616693,-11.522862,-11.253756,-12.236923,-9999.0,-9999.0,-9999.0,-9999.0,-9999.0,-9999.0,-9999.0,-9999.0,-9999.0,-9999.0,-9999.0,-9999.0,-9999.0,-9999.0,-9999.0,-9999.0,-13.788082,-12.911729,-13.331834,-13.519115,-13.939213,-13.962086,-14.807576,-14.198377,-13.397114,-9999.0,-9999.0,-9999.0,-9999.0,-9999.0,-9999.0,-9999.0,-9999.0,-9999.0,-9999.0,-9999.0,-9999.0,-9999.0,-9999.0,-9999.0,-9999.0,-9999.0,-9999.0,-9999.0,-9999.0
-9999.0,-2.5428038,-3.5269425,-3.8676701,-4.0151537,-4.6702467,-6.1241339,-7.2173343,-5.9658595,-5.5027898,-6.5832261,-6.8553728,-5.5112156,-5.6016831,-6.8587005,-4.2414846,-4.8196254,-6.4769152,-8.3459876,-7.6139586,-7.776439,-8.9620728,-9.6873304,-8.6404142,-8.7641967,-10.17678,-10.160225,-9.1913749,-9.5079951,-10.574246,-9.9760935,-9.475148,-10.039499,-10.698329,-10.290508,-10.980806,-11.198382,-10.410095,-10.192546,-10.473798,-11.066857,-10.926728,-10.781652,-11.66894,-13.014011,-11.753235,-11.074772,-11.822524,-12.280887,-11.241294,-11.243328,-11.361931,-11.166874,-10.983083,-11.788133,-13.353537,-12.583709,-12.318072,-13.668698,-14.943507,-13.387378,-12.804908,-13.105144,-13.219436,-13.145608,-13.443472,-14.244762,-13.852501,-13.293504,-13.845566,-9999.0,-9999.0,-9999.0,-9999.0,-9999.0,-9999.0,-9999.0,-9999.0,-9999.0,-9999.0,-9999.0,-9999.0,-9999.0,-9999.0,-9999.0,-9999.0,-9999.0,-9999.0,-9999.0
-9999.0,-9999.0,-9999.0,-3.6895046,-3.7861315,-3.8806842,-4.0671186,-4.2130646,-4.1424078,-4.2122275,-4.4310873,-4.409955,-4.101233,-4.016845,-4.2206026,-4.2406072,-4.466412,-5.0874868,-5.7236712,-6.0555807,-6.5309591,-7.2110752,-7.6173123,-7.6936719,-8.0402085,-8.6175656,-8.7922553,-8.6917977,-8.887374,-9.2009985,-9.1743532,-9.1183259,-9.3565936,-9.6460688,-10.015564,-11.649873,-12.890798,-10.511071,-9.883733,-9.8508268,-10.000855,-10.050333,-10.134544,-10.464566,-10.749275,-10.589495,-10.452374,-10.615994,-10.730748,-10.806977,-11.861441,-11.56899,-10.588487,-10.478019,-10.715232,-11.169408,-11.531104,-11.786625,-12.236778,-12.61903,-12.577524,-12.677307,-12.89161,-12.904951,-12.838247,-12.974741,-13.223397,-13.166903,-13.015469,-13.193337,-9999.0,-9999.0,-9999.0,-9999.0,-9999.0,-9999.0,-9999.0,-9999.0,-9999.0,-9999.0,-9999.0,-9999.0,-9999.0,-9999.0,-9999.0,-9999.0,-9999.0,-9999.0,-9999.0
-9999.0,-9999.0,-9999.0,-9999.0,-9999.0,-2.7924141,-1.701717,-0.9677315,-2.1052098,-2.8821723,-2.6569621,-2.5388569,-2.7065544,-2.2548611,-2.0429969,-2.6535844,-3.5612013,-4.0967373,-4.6824762,-4.9816866,-5.5867211,-6.3855874,-6.8419212,-7.0535432,-7.690228,-8.699696,-8.8482683,-8.4982537,-8.7731907,-9.3442606,-9.1393654,-8.9284416,-9.2009327,-9.5132385,-9.5857865,-10.121581,-10.290191,-9.7989997,-9.4909889,-9.3966086,-9.4239302,-9.4833958,-9.6302576,-9.895503,-10.105312,-10.02811,-9.9868535,-10.104142,-10.190694,-10.264363,-10.553733,-10.098087,-9.7534736,-9.9957616,-10.058119,-10.284649,-11.845667,-11.90947,-11.901759,-12.272223,-12.371783,-13.081713,-13.721193,-13.382776,-12.860247,-12.99618,-13.651898,-13.417096,-12.998136,-13.378009,-9999.0,-9999.0,-9999.0,-9999.0,-9999.0,-9999.0,-9999.0,-9999.0,-9999.0,-9999.0,-9999.0,-9999.0,-9999.0,-9999.0,-9999.0,-9999.0,-9999.0,-9999.0,-9999.0
-9999.0,-9999.0,-9999.0,-9999.0,-9999.0,-9999.0,-9999.0,1.5700628,-0.72147603,-2.118995,-1.5816338,-1.317268,-1.8712396,-0.5874001,-0.38801735,-1.2676346,-2.896832,-3.17491,-6.4052786,-4.3098493,-4.939312,-6.4161726,-7.2754381,-6.6872132,-7.5453151,-10.024673,-9.8922797,-8.4154691,-8.8922407,-10.702439,-9.5450189,-8.8059124,-9.3691517,-10.260821,-9.3455204,-9.2756916,-9.5393107,-9.5854967,-9.1805481,-9.127329,-9.364305,-9.2902485,-9.3269325,-9.7819987,-10.496074,-9.8936965,-9.716657,-10.072596,-10.322413,-9.8691456,-9.5896974,-8.5675364,-8.795678,-9.6810436,-9.8878973,-8.8784728,-11.067347,-11.589455,-12.057527,-13.121375,-12.322683,-13.580989,-14.982356,-14.254091,-12.864685,-13.147551,-15.265281,-14.175783,-12.988839,-13.890314,-9999.0,-9999.0,-9999.0,-9999.0,-9999.0,-9999.0,-9999.0,-9999.0,-9999.0,-9999.0,-9999.0,-9999.0,-9999.0,-9999.0,-9999.0,-9999.0,-9999.0,-9999.0,-9999.0
-9999.0,-9999.0,-9999.0,-9999.0,-9999.0,-9999.0,-9999.0,-9999.0,-9999.0,-2.0302321,-1.9075872,-1.8028664,-1.7871249,-1.081133,-1.0524452,-1.714349,-2.5807172,-2.7441494,-1.5247325,-3.2924376,-4.2351545,-5.327607,-5.9968995,-5.9941097,-6.7813224,-8.2136082,-8.3898814,-7.8649527,-8.2444555,-9.0709428,-8.7383486,-8.436698,-8.7891148,-9.1706403,-8.8782473,-8.8105958,-9.0088959,-9.0499547,-8.83039,-8.8352358,-9.0176658,-9.0094032,-9.0274808,-9.3275992,-9.6844047,-9.4687346,-9.3999817,-9.6424327,-9.7713724,-9.5256122,-9.3148758,-9.0208465,-9.1122618,-9.4914475,-9.6648426,-9.6637361,-10.189327,-10.707631,-11.269751,-11.794554,-11.70731,-12.428553,-13.22063,-12.982029,-12.277259,-12.457815,-13.391874,-13.037287,-12.460365,-12.957918,-9999.0,-9999.0,-9999.0,-9999.0,-9999.0,-9999.0,-9999.0,-9999.0,-9999.0,-9999.0,-9999.0,-9999.0,-9999.0,-9999.0,-9999.0,-9999.0,-9999.0,-9999.0,-9999.0
-9999.0,-9999.0,-9999.0,-9999.0,-9999.0,-9999.0,-9999.0,-9999.0,-9999.0,-9999.0,-9999.0,-2.1020642,-1.897305,-1.5943958,-1.4828918,-1.7435785,-2.1835151,-2.399108,-2.4453466,-2.8604241,-3.4340878,-3.8637448,-4.2419954,-4.8945922,-5.8205999,-6.7069851,-7.08088,-7.1832642,-7.514211,-7.8928837,-7.9636813,-8.0043708,-8.2525153,-8.4957706,-8.5632763,-8.513761,-8.5003702,-8.4948321,-8.4657862,-8.5327376,-8.6618113,-8.6964658,-8.7069312,-8.8072212,-8.9156587,-8.9629897,-9.0465635,-9.1926676,-9.2652717,-9.2184561,-9.1592855,-9.1391807,-9.2031401,-9.3553024,-9.5216484,-9.6743039,-9.8684182,-10.085072,-10.274252,-10.455203,-10.727641,-11.11817,-11.385692,-11.39522,-11.370844,-11.54205,-11.796609,-11.802589,-11.706475,-11.798013,-9999.0,-9999.0,-9999.0,-9999.0,-9999.0,-9999.0,-9999.0,-9999.0,-9999.0,-9999.0,-9999.0,-9999.0,-9999.0,-9999.0,-9999.0,-9999.0,-9999.0,-9999.0,-9999.0
-9999.0,-9999.0,-9999.0,-9999.0,-9999.0,-9999.0,-9999.0,-9999.0,-9999.0,-9999.0,-9999.0,-9999.0,-9999.0,-1.2925045,-0.60394761,-0.88536467,-1.5230988,-1.5316196,-0.97571984,-1.8579889,-2.5784379,-2.2851937,-2.0090856,-3.6400999,-5.2510748,-7.0164701,-7.2501799,-6.8068503,-7.3172251,-8.2634381,-7.9397465,-7.7503339,-8.1991419,-8.7035853,-8.9338584,-8.5655368,-8.4007066,-8.3910269,-8.232846,-8.4025209,-8.8790532,-8.7474151,-8.4888,-8.520134,-8.6199891,-8.6542634,-8.8074514,-9.1275861,-9.2832942,-9.0762989,-9.0253545,-9.0955084,-9.1309208,-9.2156039,-9.4057148,-9.6100949,-9.6138821,-9.6134618,-9.4455552,-9.2644675,-9.8377556,-10.22979,-10.270626,-10.319124,-10.635835,-11.035109,-11.537481,-11.430559,-11.217966,-11.297164,-9999.0,-9999.0,-9999.0,-9999.0,-9999.0,-9999.0,-9999.0,-9999.0,-9999.0,-9999.0,-9999.0,-9999.0,-9999.0,-9999.0,-9999.0,-9999.0,-9999.0,-9999.0,-9999.0
-9999.0,-9999.0,-9999.0,-9999.0,-9999.0,-9999.0,-9999.0,-9999.0,-9999.0,-9999.0,-9999.0,-9999.0,-9999.0,-9999.0,-9999.0,-0.15234685,-0.88981688,-0.87742061,0.45768496,-1.1068188,-2.0081621,-1.3550374,-0.47267602,-2.7754851,-4.6542267,-7.8735156,-7.8192064,-6.3717739,-7.124272,-9.2433096,-8.0289346,-7.4475185,-8.1654249,-9.0199221,-9.522479,-8.62368,-8.438647,-8.5406294,-8.0145225,-8.2604516,-9.352215,-8.883754,-8.2851676,-8.3659365,-8.6766706,-8.4909628,-8.6235953,-9.2019668,-9.5508234,-8.978728,-8.9069175,-9.1208263,-9.1044797,-9.0829493,-9.3158437,-9.7560799,-9.4941331,-9.3116277,-9.0113014,-8.5915053,-9.351561,-9.7478621,-9.8907112,-9.9229694,-10.161984,-10.742111,-11.908421,-11.420788,-10.9048,-11.13654,-9999.0,-9999.0,-9999.0,-9999.0,-9999.0,-9999.0,-9999.0,-9999.0,-9999.0,-9999.0,-9999.0,-9999.0,-9999.0,-9999.0,-9999.0,-9999.0,-9999.0,-9999.0,-9999.0
-9999.0,-9999.0,-9999.0,-9999.0,-9999.0,-9999.0,-9999.0,-9999.0,-9999.0,-9999.0,-9999.0,-9999.0,-9999.0,-9999.0,-9999.0,0.72884216,-0.51799525,-0.86519396,-0.87565474,-1.3239811,-1.7741573,-1.7707228,-1.7771224,-2.2557023,-3.0326735,-4.6149161,-5.2499614,-5.3009767,-5.9993755,-6.8567031,-6.80729,-6.7706738,-7.2743946,-7.9230176,-8.2716265,-7.9073766,-7.7079508,-7.6787968,-7.557682,-7.7333362,-8.1111029,-8.0719772,-7.9138655,-8.0003073,-8.1622617,-8.1934307,-8.3452678,-8.6563983,-8.8156887,-8.7092504,-8.7169392,-8.8330028,-8.8766379,-8.9095964,-9.0522807,-9.2162863,-9.1718456,-9.0849509,-9.0170403,-9.0126716,-9.2110929,-9.4210867,-9.5336625,-9.503533,-9.7418151,-10.165495,-10.649844,-10.631898,-10.488696,-10.623499,-9999.0,-9999.0,-9999.0,-9999.0,-9999.0,-9999.0,-9999.0,-9999.0,-9999.0,-9999.0,-9999.0,-9999.0,-9999.0,-9999.0,-9999.0,-9999.0,-9999.0,-9999.0,-9999.0
-9999.0,-9999.0,-9999.0,-9999.0,-9999.0,-9999.0,-9999.0,-9999.0,-9999.0,-9999.0,-9999.0,-9999.0,-9999.0,-9999.0,-9999.0,-9999.0,-0.4267203,-0.63882806,-0.58454136,-0.98752079,-1.4394321,-1.5203792,-1.4650583,-0.99156086,-0.50143519,-2.0870813,-2.9776962,-3.9799099,-4.9225961,-5.5761493,-5.7885799,-5.887198,-6.0323962,-6.2794247,-6.702455,-6.8611628,-6.8499482,-6.8767986,-6.9973636,-7.1800853,-7.3477996,-7.4327781,-7.5000308,-7.6077735,-7.7220928,-7.8567407,-8.0717055,-8.3371412,-8.4815901,-8.485975,-8.5429761,-8.6601373,-8.713081,-8.7423117,-8.8372503,-8.9303514,-8.9145136,-8.8643794,-8.8556056,-8.8965258,-9.0009411,-9.1372972,-9.2475095,-9.3032479,-9.4384349,-9.719005,-9.983312,-10.070754,-10.111068,-10.25721,-9999.0,-9999.0,-9999.0,-9999.0,-9999.0,-9999.0,-9999.0,-9999.0,-9999.0,-9999.0,-9999.0,-9999.0,-9999.0,-9999.0,-9999.0,-9999.0,-9999.0,-9999.0,-9999.0
-9999.0,-9999.0,-9999.0,-9999.0,-9999.0,-9999.0,-9999.0,-9999.0,-9999.0,-9999.0,-9999.0,-9999.0,-9999.0,-9999.0,-9999.0,-9999.0,-9999.0,-9999.0,1.5239224,0.062996698,-0.98633175,-0.82210389,-0.50683185,-0.64603537,-0.24607292,-0.14031717,-0.57371354,-2.8191106,-4.4518284,-5.9613993,-5.4970642,-5.1147391,-4.7368355,-4.1586308,-5.3629478,-6.0201044,-6.2256131,-6.2888505,-6.526335,-6.8258269,-7.1518617,-7.1476911,-7.1854717,-7.3707337,-7.5476536,-7.6119545,-7.8990648,-8.4898089,-8.8018406,-8.4168534,-8.465801,-8.8583907,-8.8266403,-8.6436152,-8.7872398,-9.1433771,-8.8793918,-8.6681581,-8.6830654,-8.7580425,-8.782897,-8.8896273,-8.9622411,-9.0134794,-9.1828554,-9.5248238,-10.140029,-10.000792,-9.9100311,-10.320882,-9999.0,-9999.0,-9999.0,-9999.0,-9999.0,-9999.0,-9999.0,-9999.0,-9999.0,-9999.0,-9999.0,-9999.0,-9999.0,-9999.0,-9999.0,-9999.0,-9999.0,-9999.0,-9999.0
-9999.0,-9999.0,-9999.0,-9999.0,-9999.0,-9999.0,-9999.0,-9999.0,-9999.0,-9999.0,-9999.0,-9999.0,-9999.0,-9999.0,-9999.0,-9999.0,-9999.0,-9999.0,-9999.0,0.2941146,-0.7688653,-0.60508879,-0.31524359,-0.73788686,-0.65685941,0.26908885,-0.068569274,-2.1283333,-3.8290065,-5.8765043,-5.0258633,-4.4435172,-4.2010916,-3.7833458,-4.7646293,-5.4571264,-5.9496493,-6.0879154,-6.1646548,-6.5245964,-7.0645789,-6.9688624,-6.9069132,-7.1601986,-7.4915883,-7.4351743,-7.6954223,-8.4000516,-8.7983556,-8.2636037,-8.3212479,-8.8353921,-8.7768315,-8.5197554,-8.6736378,-9.1404796,-8.7377877,-8.3992686,-8.4580833,-8.6828801,-8.5897369,-8.6680498,-8.8134307,-8.8470356,-8.8652829,-9.2320066,-10.097268,-9.8545717,-9.7138364,-10.196856,-9999.0,-9999.0,-9999.0,-9999.0,-9999.0,-9999.0,-9999.0,-9999.0,-9999.0,-9999.0,-9999.0,-9999.0,-9999.0,-9999.0,-9999.0,-9999.0,-9999.0,-9999.0,-9999.0
-9999.0,-9999.0,-9999.0,-9999.0,-9999.0,-9999.0,-9999.0,-9999.0,-9999.0,-9999.0,-9999.0,-9999.0,-9999.0,-9999.0,-9999.0,-9999.0,-9999.0,-9999.0,-9999.0,-9999.0,-0.75574884,-0.63668897,-0.47279356,-0.36149148,-0.25523644,-0.28726045,-0.71452005,-1.5247361,-2.3508423,-3.0768097,-3.3365115,-3.5788236,-3.8800732,-4.1233525,-4.4871308,-4.8876993,-5.2271197,-5.4572186,-5.7023885,-6.0638289,-6.3851702,-6.4853408,-6.527519,-6.7177557,-6.9792373,-7.143719,-7.368901,-7.6877318,-7.8776775,-7.8918819,-8.0207019,-8.232689,-8.3138198,-8.3640466,-8.4738856,-8.4856144,-8.3109299,-7.9046243,-7.7077839,-8.1634586,-8.3116011,-8.3973865,-8.4842041,-8.5238772,-8.4371221,-8.7142511,-9.0930161,-9.2286593,-9.4339823,-10.035001,-9999.0,-9999.0,-9999.0,-9999.0,-9999.0,-9999.0,-9999.0,-9999.0,-9999.0,-9999.0,-9999.0,-9999.0,-9999.0,-9999.0,-9999.0,-9999.0,-9999.0,-9999.0,-9999.0
-9999.0,-9999.0,-9999.0,-9999.0,-9999.0,-9999.0,-9999.0,-9999.0,-9999.0,-9999.0,-9999.0,-9999.0,-9999.0,-9999.0,-9999.0,-9999.0,-9999.0,-9999.0,-9999.0,-9999.0,-9999.0,-0.047252859,0.36264571,0.69993089,0.9085223,0.78114169,0.076569566,-0.57914542,-0.68543991,-0.64792242,-1.4490189,-2.5554068,-3.3024357,-3.6945469,-3.99237,-4.2519474,-4.3195635,-4.5199035,-5.1079478,-5.6684195,-6.0634663,-6.1566168,-6.0474304,-6.2046996,-6.6995185,-6.896459,-7.0747021,-7.2582552,-7.3898038,-7.5562264,-7.77841,-8.0116069,-8.1274324,-8.3427667,-8.7683027,-8.3729637,-8.1357817,-7.7178789,-7.4648946,-7.8954668,-8.0497851,-8.0967499,-8.0484567,-8.143497,-8.3576414,-8.452343,-8.5294892,-8.7010546,-9.0481702,-9.6086728,-9999.0,-9999.0,-9999.0,-9999.0,-9999.0,-9999.0,-9999.0,-9999.0,-9999.0,-9999.0,-9999.0,-9999.0,-9999.0,-9999.0,-9999.0,-9999.0,-9999.0,-9999.0,-9999.0
-9999.0,-9999.0,-9999.0,-9999.0,-9999.0,-9999.0,-9999.0,-9999.0,-9999.0,-9999.0,-9999.0,-9999.0,-9999.0,-9999.0,-9999.0,-9999.0,-9999.0,-9999.0,-9999.0,-9999.0,-9999.0,-9999.0,1.8292437,2.0235935,1.6800549,1.6307299,1.3736835,0.31700289,1.0689881,2.2001206,0.4559252,-1.6857139,-3.0212831,-3.6289988,-3.5466464,-3.6836291,-3.3221317,-3.2578898,-4.5351977,-5.4597009,-6.4558014,-6.1959503,-5.7543386,-5.9429046,-7.1675789,-6.832294,-6.8815809,-7.1011583,-7.1932234,-7.3265367,-7.6552267,-8.2594654,-8.2187856,-8.1425267,-8.3666904,-8.5197686,-8.1810308,-7.8688326,-7.7901414,-7.8076326,-7.8729358,-7.8415111,-7.4499059,-7.4311302,-8.0322154,-8.1939552,-8.0664912,-8.2596593,-8.6228172,-8.8437311,-9999.0,-9999.0,-9999.0,-9999.0,-9999.0,-9999.0,-9999.0,-9999.0,-9999.0,-9999.0,-9999.0,-9999.0,-9999.0,-9999.0,-9999.0,-9999.0,-9999.0,-9999.0,-9999.0
-9999.0,-9999.0,-9999.0,-9999.0,-9999.0,-9999.0,-9999.0,-9999.0,-9999.0,-9999.0,-9999.0,-9999.0,-9999.0,-9999.0,-9999.0,-9999.0,-9999.0,-9999.0,-9999.0,-9999.0,-9999.0,-9999.0,-9999.0,1.0735683,1.0132165,1.1714311,0.99078296,0.65852109,2.0520822,2.0637757,0.70560179,-1.132055,-2.4604616,-3.1500407,-3.0518344,-3.2191786,-3.2685495,-3.4132148,-4.218434,-5.0453454,-5.9153501,-5.8716673,-5.8320561,-6.1953561,-6.7607665,-6.6384254,-6.6931738,-6.9301662,-7.0741718,-7.1487393,-7.4366962,-7.9318278,-7.9497998,-7.8366885,-7.9821234,-8.2237924,-8.0060304,-7.7992716,-7.7585455,-7.7739578,-7.7629016,-7.7157181,-7.5195715,-7.5302739,-7.858393,-8.02252,-8.0623753,-8.151987,-8.3325399,-8.511913,-8.6222761,-9999.0,-9999.0,-9999.0,-9999.0,-9999.0,-9999.0,-9999.0,-9999.0,-9999.0,-9999.0,-9999.0,-9999.0,-9999.0,-9999.0,-9999.0,-9999.0,-9999.0,-9999.0
-9999.0,-9999.0,-9999.0,-9999.0,-9999.0,-9999.0,-9999.0,-9999.0,-9999.0,-9999.0,-9999.0,-9999.0,-9999.0,-9999.0,-9999.0,-9999.0,-9999.0,-9999.0,-9999.0,-9999.0,-9999.0,-9999.0,-9999.0,0.1487307,0.17533758,0.20297646,0.18745062,0.46994024,1.7444605,3.5693304,0.78965646,-0.73320431,-1.4209294,-1.7612011,-2.1238856,-2.5797489,-2.9612724,-3.3214701,-3.8204838,-4.3280336,-4.7278886,-5.0739901,-5.5040669,-5.9461047,-6.2383715,-6.3548762,-6.473881,-6.6374623,-6.7779618,-6.9146679,-7.1104448,-7.3145598,-7.4218918,-7.4921523,-7.5952024,-7.6731353,-7.6574897,-7.6213977,-7.6235235,-7.6373137,-7.6353518,-7.6251361,-7.6135416,-7.6504372,-7.7529484,-7.8598697,-7.939631,-8.0022359,-8.0812435,-8.1673816,-8.2055966,-9999.0,-9999.0,-9999.0,-9999.0,-9999.0,-9999.0,-9999.0,-9999.0,-9999.0,-9999.0,-9999.0,-9999.0,-9999.0,-9999.0,-9999.0,-9999.0,-9999.0,-9999.0
-9999.0,-9999.0,-9999.0,-9999.0,-9999.0,-9999.0,-9999.0,-9999.0,-9999.0,-9999.0,-9999.0,-9999.0,-9999.0,-9999.0,-9999.0,-9999.0,-9999.0,-9999.0,-9999.0,-9999.0,-9999.0,-9999.0,-9999.0,-9999.0,-0.41316925,-0.36277381,-0.27459531,0.028134092,0.747256,1.1926539,0.21630837,-0.41398039,-0.075964984,0.34171449,-0.7837057,-1.7564715,-2.2216414,-2.5461173,-3.2090545,-3.510385,-3.2597773,-3.8974478,-5.0608392,-5.9068502,-6.2468651,-6.2613217,-6.3164973,-6.4582706,-6.5692067,-6.6883392,-6.8492468,-6.9673729,-7.0589232,-7.1943084,-7.3125583,-7.3811005,-7.4083157,-7.4422442,-7.5058705,-7.5520883,-7.5222727,-7.5166377,-7.5443956,-7.5715137,-7.6220668,-7.7206475,-7.8290621,-7.8439225,-7.8596397,-7.9139133,-7.9864984,-8.0963344,-9999.0,-9999.0,-9999.0,-9999.0,-9999.0,-9999.0,-9999.0,-9999.0,-9999.0,-9999.0,-9999.0,-9999.0,-9999.0,-9999.0,-9999.0,-9999.0,-9999.0
-9999.0,-9999.0,-9999.0,-9999.0,-9999.0,-9999.0,-9999.0,-9999.0,-9999.0,-9999.0,-9999.0,-9999.0,-9999.0,-9999.0,-9999.0,-9999.0,-9999.0,-9999.0,-9999.0,-9999.0,-9999.0,-9999.0,-9999.0,-9999.0,-0.75757163,-0.66920402,-0.57739132,-0.42288127,-0.20466423,-0.13921942,-0.30227388,-0.14816752,1.2350532,3.556873,0.22639003,-1.0268976,-1.6462226,-1.7172976,-2.7125678,-2.8887616,-1.3217302,-2.5426171,-4.6948307,-6.0442846,-7.4920266,-6.3477854,-6.207541,-6.4336792,-6.5738283,-6.5330861,-6.6857484,-6.8735058,-6.8956111,-6.9926363,-7.167368,-7.3941827,-7.2932435,-7.3003505,-7.4837656,-7.6855058,-7.4485205,-7.4114964,-7.5354043,-7.5571766,-7.4949268,-7.6220512,-7.9640522,-7.8087413,-7.6745679,-7.7610693,-7.8993385,-7.8093762,-7.722436,-9999.0,-9999.0,-9999.0,-9999.0,-9999.0,-9999.0,-9999.0,-9999.0,-9999.0,-9999.0,-9999.0,-9999.0,-9999.0,-9999.0,-9999.0,-9999.0
-9999.0,-9999.0,-9999.0,-9999.0,-9999.0,-9999.0,-9999.0,-9999.0,-9999.0,-9999.0,-9999.0,-9999.0,-9999.0,-9999.0,-9999.0,-9999.0,-9999.0,-9999.0,-9999.0,-9999.0,-9999.0,-9999.0,-9999.0,-9999.0,-9999.0,-0.68891641,-0.6318639,-0.63162271,-0.61462313,-0.58213849,-0.48034531,-0.095109875,0.73547791,1.0015666,-0.14057354,-0.37306938,-1.4322697,-1.9286669,-2.5377049,-2.8704446,-2.6740329,-3.301787,-4.5215888,-5.5413183,-6.195246,-6.0439289,-6.0028883,-6.1993174,-6.3418681,-6.3776216,-6.5184353,-6.6981132,-6.7637745,-6.8249755,-6.9664474,-7.1240399,-7.1083372,-7.1311754,-7.2685845,-7.3731447,-7.2783666,-7.2572437,-7.3403818,-7.3602692,-7.3131669,-7.3877627,-7.5671113,-7.5097181,-7.4238732,-7.4968333,-7.6094061,-7.5252449,-7.4429836,-9999.0,-9999.0,-9999.0,-9999.0,-9999.0,-9999.0,-9999.0,-9999.0,-9999.0,-9999.0,-9999.0,-9999.0,-9999.0,-9999.0,-9999.0,-9999.0
-9999.0,-9999.0,-9999.0,-9999.0,-9999.0,-9999.0,-9999.0,-9999.0,-9999.0,-9999.0,-9999.0,-9999.0,-9999.0,-9999.0,-9999.0,-9999.0,-9999.0,-9999.0,-9999.0,-9999.0,-9999.0,-9999.0,-9999.0,-9999.0,-9999.0,-0.18445056,-0.18875019,-0.49552746,-0.68500248,-0.68723842,-0.49236446,-0.02714192,0.69913251,1.8818969,2.7354322,0.12269628,-0.99491622,-1.6183164,-2.3034902,-2.8765935,-3.247826,-3.688218,-4.3315698,-4.9611484,-5.3614223,-5.5454696,-5.7223581,-5.9529388,-6.1175073,-6.2124142,-6.3514025,-6.5071117,-6.5942948,-6.6510313,-6.7297015,-6.8026821,-6.8595299,-6.9323072,-7.0217447,-7.073537,-7.0667335,-7.0579214,-7.0675612,-7.0707151,-7.0594021,-7.0440292,-7.0314369,-7.0478672,-7.0700055,-7.0596409,-7.0460002,-7.0871355,-7.1311044,-7.14384,-9999.0,-9999.0,-9999.0,-9999.0,-9999.0,-9999.0,-9999.0,-9999.0,-9999.0,-9999.0,-9999.0,-9999.0,-9999.0,-9999.0,-9999.0
-9999.0,-9999.0,-9999.0,-9999.0,-9999.0,-9999.0,-9999.0,-9999.0,-9999.0,-9999.0,-9999.0,-9999.0,-9999.0,-9999.0,-9999.0,-9999.0,-9999.0,-9999.0,-9999.0,-9999.0,-9999.0,-9999.0,-9999.0,-9999.0,-9999.0,-9999.0,1.1192864,-0.04097675,-0.57528167,-0.64912889,-0.41696748,0.2156643,1.4954764,2.455286,1.2918985,0.040664659,-0.23159496,-0.44530335,-1.834905,-2.7666774,-3.2369025,-3.5100056,-4.0645544,-4.7045281,-5.1388648,-5.2200101,-5.5002856,-6.0157235,-6.2859655,-6.1304148,-6.2667996,-6.5983689,-6.6232844,-6.5278085,-6.5648197,-6.6107085,-6.6667865,-6.7752123,-6.9317513,-7.0337189,-6.9382951,-6.889019,-6.8847547,-6.8780305,-6.8305738,-6.7028534,-6.4577094,-6.5728231,-6.7258696,-6.5793515,-6.3218508,-6.6119605,-6.8443267,-6.9277897,-6.9586707,-9999.0,-9999.0,-9999.0,-9999.0,-9999.0,-9999.0,-9999.0,-9999.0,-9999.0,-9999.0,-9999.0,-9999.0,-9999.0,-9999.0
-9999.0,-9999.0,-9999.0,-9999.0,-9999.0,-9999.0,-9999.0,-9999.0,-9999.0,-9999.0,-9999.0,-9999.0,-9999.0,-9999.0,-9999.0,-9999.0,-9999.0,-9999.0,-9999.0,-9999.0,-9999.0,-9999.0,-9999.0,-9999.0,-9999.0,-9999.0,1.8625253,0.21587931,-0.44141722,-0.53470297,-0.33024294,0.34357031,2.215493,4.2612189,1.3288221,-0.087886649,0.34663219,0.49259461,-1.5298223,-2.6283182,-3.240965,-3.3017595,-3.7436786,-4.5375838,-5.3392828,-5.0009094,-5.2559263,-6.1228529,-6.6052227,-6.0195626,-6.1622366,-6.7865389,-6.7194924,-6.4235765,-6.4673244,-6.5899144,-6.5719907,-6.6598054,-6.9141596,-7.1541761,-6.8545613,-6.7563177,-6.8323739,-6.8385947,-6.6666578,-6.4920141,-6.1624641,-6.3328261,-6.524442,-6.3431871,-5.9422771,-6.389171,-6.6691951,-6.7637287,-6.8132475,-9999.0,-9999.0,-9999.0,-9999.0,-9999.0,-9999.0,-9999.0,-9999.0,-9999.0,-9999.0,-9999.0,-9999.0,-9999.0,-9999.0
-9999.0,-9999.0,-9999.0,-9999.0,-9999.0,-9999.0,-9999.0,-9999.0,-9999.0,-9999.0,-9999.0,-9999.0,-9999.0,-9999.0,-9999.0,-9999.0,-9999.0,-9999.0,-9999.0,-9999.0,-9999.0,-9999.0,-9999.0,-9999.0,-9999.0,-9999.0,-9999.0,-0.045841263,-0.27642684,-0.23948265,-0.18044494,0.096708271,0.86969493,1.3184983,0.33895669,-0.49424097,-0.62947494,-0.87186422,-1.6791783,-2.2698332,-2.6362873,-2.8305037,-3.1915617,-3.7716239,-4.2668866,-4.4301556,-4.7725813,-5.3057934,-5.6141391,-5.6373986,-5.8650335,-6.197174,-6.2839766,-6.2542491,-6.3331325,-6.4353896,-6.4702988,-6.5342009,-6.6734826,-6.7563699,-6.6615451,-6.585351,-6.5934868,-6.5726802,-6.47169,-6.3754337,-6.3068417,-6.3483063,-6.4440046,-6.459096,-6.4165057,-6.5210088,-6.608977,-6.6473721,-6.696681,-6.8038921,-9999.0,-9999.0,-9999.0,-9999.0,-9999.0,-9999.0,-9999.0,-9999.0,-9999.0,-9999.0,-9999.0,-9999.0,-9999.0
-9999.0,-9999.0,-9999.0,-9999.0,-9999.0,-9999.0,-9999.0,-9999.0,-9999.0,-9999.0,-9999.0,-9999.0,-9999.0,-9999.0,-9999.0,-9999.0,-9999.0,-9999.0,-9999.0,-9999.0,-9999.0,-9999.0,-9999.0,-9999.0,-9999.0,-9999.0,-9999.0,-9999.0,0.25120283,0.72835411,0.4341853,-0.036729176,-0.1317921,-0.21461496,-0.59384857,-1.0099856,-1.2663653,-1.4837973,-1.6752441,-1.6074782,-1.3681229,-1.6299047,-2.2410964,-2.7298418,-3.0495075,-3.5659696,-4.1450427,-4.549753,-4.819222,-5.1704598,-5.5878486,-5.9640565,-6.0960357,-6.1224486,-6.2720491,-6.4511373,-6.4468498,-6.4470788,-6.5791212,-6.6598194,-6.5340237,-6.3961635,-6.3198954,-6.2832277,-6.2411869,-6.1566867,-6.0770225,-6.1600215,-6.3732593,-6.6192712,-6.7785611,-6.7010721,-6.5909856,-6.5519125,-6.5879426,-6.7639637,-7.1915609,-9999.0,-9999.0,-9999.0,-9999.0,-9999.0,-9999.0,-9999.0,-9999.0,-9999.0,-9999.0,-9999.0,-9999.0
-9999.0,-9999.0,-9999.0,-9999.0,-9999.0,-9999.0,-9999.0,-9999.0,-9999.0,-9999.0,-9999.0,-9999.0,-9999.0,-9999.0,-9999.0,-9999.0,-9999.0,-9999.0,-9999.0,-9999.0,-9999.0,-9999.0,-9999.0,-9999.0,-9999.0,-9999.0,-9999.0,-9999.0,-9999.0,2.9046303,1.8066143,0.13880233,-0.56165432,-0.88370124,-1.1582521,-1.4086392,-1.581484,-1.6417614,-1.4602293,-0.65840079,1.0240283,0.3176431,-0.97780257,-1.6752847,-1.527511,-2.5789454,-3.6019633,-4.0380426,-4.1193122,-4.7504046,-5.4925426,-6.4776188,-6.4381635,-6.0724462,-6.39842,-7.1641675,-6.6828181,-6.411546,-6.8210728,-7.2835255,-6.593816,-6.2378862,-6.1215343,-6.0987677,-6.0457109,-5.8845286,-5.5343123,-5.7739366,-6.2889788,-6.9538553,-7.6266077,-6.9892812,-6.5641868,-6.4793096,-6.4980383,-6.6875,-7.5114454,-9.0966694,-9999.0,-9999.0,-9999.0,-9999.0,-9999.0,-9999.0,-9999.0,-9999.0,-9999.0,-9999.0,-9999.0
-9999.0,-9999.0,-9999.0,-9999.0,-9999.0,-9999.0,-9999.0,-9999.0,-9999.0,-9999.0,-9999.0,-9999.0,-9999.0,-9999.0,-9999.0,-9999.0,-9999.0,-9999.0,-9999.0,-9999.0,-9999.0,-9999.0,-9999.0,-9999.0,-9999.0,-9999.0,-9999.0,-9999.0,-9999.0,-9999.0,-9999.0,-9999.0,-9999.0,-9999.0,-9999.0,-9999.0,-9999.0,-9999.0,-9999.0,-9999.0,-9999.0,1.2940318,1.0642219,-0.85790882,-1.3100616,-2.2043404,-3.2406978,-3.8427439,-4.000153,-4.5167264,-5.2844394,-6.4312681,-6.3575696,-5.8739644,-6.234984,-7.1573717,-6.5539023,-6.2155007,-6.7054218,-7.2745477,-6.4431842,-6.0620683,-6.0317684,-6.0233494,-5.8946284,-5.7497013,-5.4668537,-5.684743,-6.1867885,-6.9041427,-7.6521374,-6.9214185,-6.4432564,-6.3981574,-6.4418261,-6.5125712,-7.2895119,-9.036734,-8.6951421,-9999.0,-9999.0,-9999.0,-9999.0,-9999.0,-9999.0,-9999.0,-9999.0,-9999.0,-9999.0
-9999.0,-9999.0,-9999.0,-9999.0,-9999.0,-9999.0,-9999.0,-9999.0,-9999.0,-9999.0,-9999.0,-9999.0,-9999.0,-9999.0,-9999.0,-9999.0,-9999.0,-9999.0,-9999.0,-9999.0,-9999.0,-9999.0,-9999.0,-9999.0,-9999.0,-9999.0,-9999.0,-9999.0,-9999.0,-9999.0,-9999.0,-9999.0,-9999.0,-9999.0,-9999.0,-9999.0,-9999.0,-9999.0,-9999.0,-9999.0,-9999.0,-9999.0,3.6100763,-6.9677094e-05,-1.2632139,-2.0371872,-2.8936789,-3.5532246,-3.9432155,-4.3216813,-4.8213402,-5.3114086,-5.4478191,-5.4160311,-5.5770094,-5.8109987,-5.7753051,-5.7581898,-5.9482406,-6.0776146,-5.9136137,-5.7778723,-5.7607457,-5.7506267,-5.7049906,-5.6712654,-5.6650748,-5.7769649,-6.0343787,-6.37815,-6.58973,-6.4195619,-6.1685148,-6.0512762,-6.0336433,-6.0855811,-6.3597232,-6.7993463,-6.7604217,-6.3672097,-6.1170461,-9999.0,-9999.0,-9999.0,-9999.0,-9999.0,-9999.0,-9999.0,-9999.0
-9999.0,-9999.0,-9999.0,-9999.0,-9999.0,-9999.0,-9999.0,-9999.0,-9999.0,-9999.0,-9999.0,-9999.0,-9999.0,-9999.0,-9999.0,-9999.0,-9999.0,-9999.0,-9999.0,-9999.0,-9999.0,-9999.0,-9999.0,-9999.0,-9999.0,-9999.0,-9999.0,-9999.0,-9999.0,-9999.0,-9999.0,-9999.0,-9999.0,-9999.0,-9999.0,-9999.0,-9999.0,-9999.0,-9999.0,-9999.0,-9999.0,-9999.0,-9999.0,0.14583944,-0.088591738,-1.1750701,-2.4727316,-3.3762917,-3.8117879,-4.0624635,-4.468303,-4.8903606,-5.0039397,-4.9610561,-4.9775508,-4.9989919,-5.1082226,-5.2645419,-5.4178497,-5.4942227,-5.4763168,-5.4582228,-5.4842039,-5.4980251,-5.4940068,-5.5160911,-5.5589443,-5.6568096,-5.8695492,-6.1613922,-6.3349214,-6.1572432,-5.8335668,-5.4826477,-5.3525803,-5.4809841,-5.3731086,-4.9484392,-5.0530418,-5.500222,-5.595285,-5.5313021,-5.8586308,-9999.0,-9999.0,-9999.0,-9999.0,-9999.0,-9999.0
-9999.0,-9999.0,-9999.0,-9999.0,-9999.0,-9999.0,-9999.0,-9999.0,-9999.0,-9999.0,-9999.0,-9999.0,-9999.0,-9999.0,-9999.0,-9999.0,-9999.0,-9999.0,-9999.0,-9999.0,-9999.0,-9999.0,-9999.0,-9999.0,-9999.0,-9999.0,-9999.0,-9999.0,-9999.0,-9999.0,-9999.0,-9999.0,-9999.0,-9999.0,-9999.0,-9999.0,-9999.0,-9999.0,-9999.0,-9999.0,-9999.0,-9999.0,-9999.0,0.85587566,2.8789622,0.21295927,-2.097897,-3.6585122,-4.2091828,-3.8313954,-4.2614684,-5.3275379,-5.2079654,-4.6256265,-4.5710761,-4.6024174,-4.6734685,-4.8785312,-5.244174,-5.5356299,-5.2245165,-5.1918411,-5.4456273,-5.4854362,-5.3062542,-5.36135,-5.4858023,-5.513719,-5.7320926,-6.2696087,-6.908991,-6.2009986,-5.5606917,-4.8337844,-4.567019,-5.0211954,-4.6584473,-3.17159,-3.5809251,-4.9594422,-5.2414898,-4.8646428,-5.465628,-6.5657275,-7.7387714,-9999.0,-9999.0,-9999.0,-9999.0
-9999.0,-9999.0,-9999.0,-9999.0,-9999.0,-9999.0,-9999.0,-9999.0,-9999.0,-9999.0,-9999.0,-9999.0,-9999.0,-9999.0,-9999.0,-9999.0,-9999.0,-9999.0,-9999.0,-9999.0,-9999.0,-9999.0,-9999.0,-9999.0,-9999.0,-9999.0,-9999.0,-9999.0,-9999.0,-9999.0,-9999.0,-9999.0,-9999.0,-9999.0,-9999.0,-9999.0,-9999.0,-9999.0,-9999.0,-9999.0,-9999.0,-9999.0,-9999.0,0.51767433,1.6124564,0.012000607,-1.7286397,-3.0598399,-3.5955559,-3.3197115,-3.7102233,-4.6262477,-4.5941642,-4.1276087,-4.1688133,-4.3880939,-4.3550654,-4.4689297,-4.8533647,-5.1483776,-4.8569874,-4.8246418,-5.1185227,-5.1841711,-5.024821,-5.142269,-5.3538291,-5.3857296,-5.5372303,-5.9797711,-6.42366,-5.9177407,-5.3806402,-4.8981994,-4.7318459,-4.8979577,-4.6158185,-3.7511614,-4.0019233,-4.9552639,-5.2864379,-5.164256,-5.6758498,-6.6228638,-7.578049,-7.9688641,-9999.0,-9999.0,-9999.0
-9999.0,-9999.0,-9999.0,-9999.0,-9999.0,-9999.0,-9999.0,-9999.0,-9999.0,-9999.0,-9999.0,-9999.0,-9999.0,-9999.0,-9999.0,-9999.0,-9999.0,-9999.0,-9999.0,-9999.0,-9999.0,-9999.0,-9999.0,-9999.0,-9999.0,-9999.0,-9999.0,-9999.0,-9999.0,-9999.0,-9999.0,-9999.0,-9999.0,-9999.0,-9999.0,-9999.0,-9999.0,-9999.0,-9999.0,-9999.0,-9999.0,-9999.0,-9999.0,-9999.0,0.15354307,-0.36934482,-1.1064679,-1.5645443,-1.8630084,-2.2319971,-2.6423452,-2.9409743,-3.1157457,-3.2780128,-3.4372287,-3.5566335,-3.6822375,-3.8679473,-4.0625271,-4.1773456,-4.1918694,-4.2028303,-4.2446983,-4.335112,-4.5186749,-4.7704852,-4.9770684,-5.1000775,-5.2403267,-5.4300748,-5.532164,-5.4046562,-5.1497667,-4.9029066,-4.8059338,-4.8400439,-4.8036826,-4.6973565,-4.8220884,-5.1884004,-5.5207976,-5.7573631,-6.1304877,-6.7905422,-7.5240716,-7.8787024,-7.7785527,-9999.0,-9999.0
-9999.0,-9999.0,-9999.0,-9999.0,-9999.0,-9999.0,-9999.0,-9999.0,-9999.0,-9999.0,-9999.0,-9999.0,-9999.0,-9999.0,-9999.0,-9999.0,-9999.0,-9999.0,-9999.0,-9999.0,-9999.0,-9999.0,-9999.0,-9999.0,-9999.0,-9999.0,-9999.0,-9999.0,-9999.0,-9999.0,-9999.0,-9999.0,-9999.0,-9999.0,-9999.0,-9999.0,-9999.0,-9999.0,-9999.0,-9999.0,-9999.0,-9999.0,-9999.0,-9999.0,1.3612983,0.46509926,-0.15715456,0.54651004,0.84230909,-0.71041929,-1.4027288,-0.96111081,-1.2731807,-2.2683964,-2.5552053,-2.39083,-2.7517298,-3.182328,-3.2923852,-3.2762738,-3.4688688,-3.4503993,-3.0441495,-3.0957659,-3.858377,-4.4241235,-4.7576707,-4.8491676,-4.9528998,-5.0891082,-5.1482604,-5.0789406,-4.8453732,-4.4373532,-4.2997123,-4.6291375,-4.8216013,-4.8772703,-4.9865184,-5.3043057,-5.7478288,-6.1153998,-6.35365,-7.1052881,-8.4834994,-9.2140746,-8.3913652,-7.830968,-9999.0
-9999.0,-9999.0,-9999.0,-9999.0,-9999.0,-9999.0,-9999.0,-9999.0,-9999.0,-9999.0,-9999.0,-9999.0,-9999.0,-9999.0,-9999.0,-9999.0,-9999.0,-9999.0,-9999.0,-9999.0,-9999.0,-9999.0,-9999.0,-9999.0,-9999.0,-9999.0,-9999.0,-9999.0,-9999.0,-9999.0,-9999.0,-9999.0,-9999.0,-9999.0,-9999.0,-9999.0,-9999.0,-9999.0,-9999.0,-9999.0,-9999.0,-9999.0,-9999.0,-9999.0,3.4996055,1.4580919,0.54144217,2.5195888,3.8690202,0.43391574,-0.59268277,0.877908,0.41175344,-1.544672,-1.9345784,-1.4185768,-2.0092676,-2.6105628,-2.8155966,-2.8048926,-2.9424847,-2.8452799,-1.9630329,-1.8897844,-3.3076059,-4.2024639,-4.9487356,-4.7748851,-4.7141752,-4.9527982,-5.199221,-4.9476338,-4.6078386,-3.9132797,-3.6268592,-4.4146987,-4.7674608,-4.8160799,-4.8885815,-5.2842408,-5.8746168,-6.3963802,-6.3709327,-7.2534465,-9.5705763,-10.970284,-8.8703878,-7.8940443,-8.3137862
-9999.0,-9999.0,-9999.0,-9999.0,-9999.0,-9999.0,-9999.0,-9999.0,-9999.0,-9999.0,-9999.0,-9999.0,-9999.0,-9999.0,-9999.0,-9999.0,-9999.0,-9999.0,-9999.0,-9999.0,-9999.0,-9999.0,-9999.0,-9999.0,-9999.0,-9999.0,-9999.0,-9999.0,-9999.0,-9999.0,-9999.0,-9999.0,-9999.0,-9999.0,-9999.0,-9999.0,-9999.0,-9999.0,-9999.0,-9999.0,-9999.0,-9999.0,-9999.0,-9999.0,-9999.0,0.82028458,0.44721338,1.3111052,1.6168277,0.16295011,-0.60804276,-0.32547829,-0.58781204,-1.3826824,-1.6214668,-1.6030203,-1.7573421,-2.0279184,-2.2772427,-2.4380105,-2.4191313,-2.4150147,-2.2467656,-2.3586095,-3.0237507,-3.7062532,-4.2676866,-4.3106556,-4.362559,-4.6182736,-4.8174765,-4.6925915,-4.4921858,-4.1959832,-4.1146626,-4.4479737,-4.698257,-4.8134559,-4.9135068,-5.1730142,-5.5880854,-5.9820378,-6.1588712,-6.8727356,-8.3031883,-9.0625597,-8.0880758,-7.451164,-7.6298354
-9999.0,-9999.0,-9999.0,-9999.0,-9999.0,-9999.0,-9999.0,-9999.0,-9999.0,-9999.0,-9999.0,-9999.0,-9999.0,-9999.0,-9999.0,-9999.0,-9999.0,-9999.0,-9999.0,-9999.0,-9999.0,-9999.0,-9999.0,-9999.0,-9999.0,-9999.0,-9999.0,-9999.0,-9999.0,-9999.0,-9999.0,-9999.0,-9999.0,-9999.0,-9999.0,-9999.0,-9999.0,-9999.0,-9999.0,-9999.0,-9999.0,-9999.0,-9999.0,-9999.0,-9999.0,-9999.0,0.21986858,0.68343061,0.68381624,-0.07862286,-0.82810474,-1.1698081,-1.2853842,-1.2456782,-0.93034246,-0.61612344,-0.8036798,-1.0762805,-0.99047736,-0.94826716,-1.3596545,-1.6872775,-1.6972571,-1.8936403,-2.4591605,-2.8969185,-3.0761114,-3.3711577,-3.795008,-4.076043,-4.1974445,-4.2956651,-4.3266156,-4.2666276,-4.2753874,-4.4252139,-4.5550116,-4.6008775,-4.7048903,-4.8932074,-5.0201783,-5.1247481,-5.5072126,-6.1829944,-6.8300218,-7.0939476,-6.942651,-6.5691873,-6.2269609
-9999.0,-9999.0,-9999.0,-9999.0,-9999.0,-9999.0,-9999.0,-9999.0,-9999.0,-9999.0,-9999.0,-9999.0,-9999.0,-9999.0,-9999.0,-9999.0,-9999.0,-9999.0,-9999.0,-9999.0,-9999.0,-9999.0,-9999.0,-9999.0,-9999.0,-9999.0,-9999.0,-9999.0,-9999.0,-9999.0,-9999.0,-9999.0,-9999.0,-9999.0,-9999.0,-9999.0,-9999.0,-9999.0,-9999.0,-9999.0,-9999.0,-9999.0,-9999.0,-9999.0,-9999.0,-9999.0,-9999.0,1.9307524,2.4362005,0.47872402,-0.96883446,-1.7622895,-1.7089345,-0.99462173,0.38518389,2.1783186,1.0464273,0.10909291,1.142988,2.2319997,0.26042057,-0.71251758,-0.031050497,-0.075326218,-1.5675067,-1.9576408,-1.2334466,-1.924603,-3.1631916,-3.5510146,-3.4597783,-3.8421693,-4.101016,-3.977546,-3.9215081,-4.2434005,-4.3334216,-4.0875982,-4.2032998,-4.5269091,-4.2836314,-3.690316,-4.4670478,-5.6034698,-6.2124258,-6.3287305,-6.2657041,-5.6922893,-4.6170303
-9999.0,-9999.0,-9999.0,-9999.0,-9999.0,-9999.0,-9999.0,-9999.0,-9999.0,-9999.0,-9999.0,-9999.0,-9999.0,-9999.0,-9999.0,-9999.0,-9999.0,-9999.0,-9999.0,-9999.0,-9999.0,-9999.0,-9999.0,-9999.0,-9999.0,-9999.0,-9999.0,-9999.0,-9999.0,-9999.0,-9999.0,-9999.0,-9999.0,-9999.0,-9999.0,-9999.0,-9999.0,-9999.0,-9999.0,-9999.0,-9999.0,-9999.0,-9999.0,-9999.0,-9999.0,-9999.0,-9999.0,-9999.0,-9999.0,0.83934388,-1.0376021,-2.0835996,-1.9419323,-0.79801763,1.1433703,3.8841798,2.0488487,0.77038281,2.2652071,4.0974085,1.1175872,-0.18862106,0.89541769,0.98327732,-1.0976781,-1.5068021,-9999.0,-9999.0,-9999.0,-9999.0,-9999.0,-9999.0,-9999.0,-9999.0,-9999.0,-9999.0,-9999.0,-9999.0,-9999.0,-9999.0,-9999.0,-9999.0,-9999.0,-9999.0,-9999.0,-9999.0,-9999.0,-9999.0,-9999.0
-9999.0,-9999.0,-9999.0,-9999.0,-9999.0,-9999.0,-9999.0,-9999.0,-9999.0,-9999.0,-9999.0,-9999.0,-9999.0,-9999.0,-9999.0,-9999.0,-9999.0,-9999.0,-9999.0,-9999.0,-9999.0,-9999.0,-9999.0,-9999.0,-9999.0,-9999.0,-9999.0,-9999.0,-9999.0,-9999.0,-9999.0,-9999.0,-9999.0,-9999.0,-9999.0,-9999.0,-9999.0,-9999.0,-9999.0,-9999.0,-9999.0,-9999.0,-9999.0,-9999.0,-9999.0,-9999.0,-9999.0,-9999.0,-9999.0,-9999.0,-9999.0,-1.500537,-1.3547704,-0.55623825,0.62928839,1.5634898,1.2160748,0.77794851,1.1870007,1.4866777,0.51897276,-0.30033111,-0.30047792,-0.52261134,-9999.0,-9999.0,-9999.0,-9999.0,-9999.0,-9999.0,-9999.0,-9999.0,-9999.0,-9999.0,-9999.0,-9999.0,-9999.0,-9999.0,-9999.0,-9999.0,-9999.0,-9999.0,-9999.0,-9999.0,-9999.0,-9999.0,-9999.0,-9999.0,-9999.0
-9999.0,-9999.0,-9999.0,-9999.0,-9999.0,-9999.0,-9999.0,-9999.0,-9999.0,-9999.0,-9999.0,-9999.0,-9999.0,-9999.0,-9999.0,-9999.0,-9999.0,-9999.0,-9999.0,-9999.0,-9999.0,-9999.0,-9999.0,-9999.0,-9999.0,-9999.0,-9999.0,-9999.0,-9999.0,-9999.0,-9999.0,-9999.0,-9999.0,-9999.0,-9999.0,-9999.0,-9999.0,-9999.0,-9999.0,-9999.0,-9999.0,-9999.0,-9999.0,-9999.0,-9999.0,-9999.0,-9999.0,-9999.0,-9999.0,-9999.0,-9999.0,-9999.0,-9999.0,-0.17629408,0.93476665,1.7526581,1.4593552,0.98197448,1.1220688,1.2010564,0.47028038,-0.40397059,-9999.0,-9999.0,-9999.0,-9999.0,-9999.0,-9999.0,-9999.0,-9999.0,-9999.0,-9999.0,-9999.0,-9999.0,-9999.0,-9999.0,-9999.0,-9999.0,-9999.0,-9999.0,-9999.0,-9999.0,-9999.0,-9999.0,-9999.0,-9999.0,-9999.0,-9999.0,-9999.0
-9999.0,-9999.0,-9999.0,-9999.0,-9999.0,-9999.0,-9999.0,-9999.0,-9999.0,-9999.0,-9999.0,-9999.0,-9999.0,-9999.0,-9999.0,-9999.0,-9999.0,-9999.0,-9999.0,-9999.0,-9999.0,-9999.0,-9999.0,-9999.0,-9999.0,-9999.0,-9999.0,-9999.0,-9999.0,-9999.0,-9999.0,-9999.0,-9999.0,-9999.0,-9999.0,-9999.0,-9999.0,-9999.0,-9999.0,-9999.0,-9999.0,-9999.0,-9999.0,-9999.0,-9999.0,-9999.0,-9999.0,-9999.0,-9999.0,-9999.0,-9999.0,-9999.0,-9999.0,-9999.0,-9999.0,4.5995513,3.0380839,1.516586,2.2437624,3.1970366,-9999.0,-9999.0,-9999.0,-9999.0,-9999.0,-9999.0,-9999.0,-9999.0,-9999.0,-9999.0,-9999.0,-9999.0,-9999.0,-9999.0,-9999.0,-9999.0,-9999.0,-9999.0,-9999.0,-9999.0,-9999.0,-9999.0,-9999.0,-9999.0,-9999.0,-9999.0,-9999.0,-9999.0,-9999.0
